date,year,month,day,day_of_year,week_of_year,daily_admitted,daily_deaths,cumulative_admitted,cumulative_deaths,roll7_admitted,roll14_admitted,roll7_deaths,lag1_admitted,lag2_admitted,lag3_admitted,lag7_admitted,lag1_deaths,lag7_deaths
2024-01-01,2024,1,1,1,1,82,0,82,0,82,82,0,0,0,0,0,0,0
2024-01-02,2024,1,2,2,1,60,1,142,1,142,142,1,82,0,0,0,0,0
2024-01-03,2024,1,3,3,1,70,1,212,2,212,212,2,60,82,0,0,1,0
2024-01-04,2024,1,4,4,1,75,1,287,3,287,287,3,70,60,82,0,1,0
2024-01-05,2024,1,5,5,1,33,0,320,3,320,320,3,75,70,60,0,1,0
2024-01-06,2024,1,6,6,1,42,0,362,3,362,362,3,33,75,70,0,0,0
2024-01-07,2024,1,7,7,1,13,0,375,3,375,375,3,42,33,75,0,0,0
2024-01-08,2024,1,8,8,2,62,0,437,3,355,437,3,13,42,33,82,0,0
2024-01-09,2024,1,9,9,2,45,1,482,4,340,482,3,62,13,42,60,0,1
2024-01-10,2024,1,10,10,2,59,0,541,4,329,541,2,45,62,13,70,1,1
2024-01-11,2024,1,11,11,2,46,0,587,4,300,587,1,59,45,62,75,0,1
2024-01-12,2024,1,12,12,2,17,0,604,4,284,604,1,46,59,45,33,0,0
2024-01-13,2024,1,13,13,2,25,1,629,5,267,629,2,17,46,59,42,0,0
2024-01-14,2024,1,14,14,2,38,3,667,8,292,667,5,25,17,46,13,1,0
2024-01-15,2024,1,15,15,3,33,0,700,8,263,618,5,38,25,17,62,3,0
2024-01-16,2024,1,16,16,3,30,1,730,9,248,588,5,33,38,25,45,0,1
2024-01-17,2024,1,17,17,3,23,2,753,11,212,541,7,30,33,38,59,1,0
2024-01-18,2024,1,18,18,3,29,1,782,12,195,495,8,23,30,33,46,2,0
2024-01-19,2024,1,19,19,3,18,1,800,13,196,480,9,29,23,30,17,1,0
2024-01-20,2024,1,20,20,3,18,2,818,15,189,456,10,18,29,23,25,1,1
2024-01-21,2024,1,21,21,3,32,1,850,16,183,475,8,18,18,29,38,2,3
2024-01-22,2024,1,22,22,4,30,0,880,16,180,443,8,32,18,18,33,1,0
2024-01-23,2024,1,23,23,4,24,0,904,16,174,422,7,30,32,18,30,0,1
2024-01-24,2024,1,24,24,4,20,0,924,16,171,383,5,24,30,32,23,0,2
2024-01-25,2024,1,25,25,4,18,0,942,16,160,355,4,20,24,30,29,0,1
2024-01-26,2024,1,26,26,4,14,0,956,16,156,352,3,18,20,24,18,0,1
2024-01-27,2024,1,27,27,4,22,0,978,16,160,349,1,14,18,20,18,0,2
2024-01-28,2024,1,28,28,4,25,0,1003,16,153,336,0,22,14,18,32,0,1
2024-01-29,2024,1,29,29,5,14,0,1017,16,137,317,0,25,22,14,30,0,0
2024-01-30,2024,1,30,30,5,15,0,1032,16,128,302,0,14,25,22,24,0,0
2024-01-31,2024,1,31,31,5,20,0,1052,16,128,299,0,15,14,25,20,0,0
2024-02-01,2024,2,1,32,5,17,0,1069,16,127,287,0,20,15,14,18,0,0
2024-02-02,2024,2,2,33,5,11,0,1080,16,124,280,0,17,20,15,14,0,0
2024-02-03,2024,2,3,34,5,10,1,1090,17,112,272,1,11,17,20,22,0,0
2024-02-04,2024,2,4,35,5,28,0,1118,17,115,268,1,10,11,17,25,1,0
2024-02-05,2024,2,5,36,6,11,1,1129,18,112,249,2,28,10,11,14,0,0
2024-02-06,2024,2,6,37,6,22,0,1151,18,119,247,2,11,28,10,15,1,0
2024-02-07,2024,2,7,38,6,25,0,1176,18,124,252,2,22,11,28,20,0,0
2024-02-08,2024,2,8,39,6,20,0,1196,18,127,254,2,25,22,11,17,0,0
2024-02-09,2024,2,9,40,6,3,0,1199,18,119,243,2,20,25,22,11,0,0
2024-02-10,2024,2,10,41,6,8,0,1207,18,117,229,1,3,20,25,10,0,1
2024-02-11,2024,2,11,42,6,14,1,1221,19,103,218,2,8,3,20,28,0,0
2024-02-12,2024,2,12,43,7,7,0,1228,19,99,211,1,14,8,3,11,1,1
2024-02-13,2024,2,13,44,7,13,0,1241,19,90,209,1,7,14,8,22,0,0
2024-02-14,2024,2,14,45,7,8,0,1249,19,73,197,1,13,7,14,25,0,0
2024-02-15,2024,2,15,46,7,5,0,1254,19,58,185,1,8,13,7,20,0,0
2024-02-16,2024,2,16,47,7,3,0,1257,19,58,177,1,5,8,13,3,0,0
2024-02-17,2024,2,17,48,7,11,0,1268,19,61,178,1,3,5,8,8,0,0
2024-02-18,2024,2,18,49,7,7,0,1275,19,54,157,0,11,3,5,14,0,1
2024-02-19,2024,2,19,50,8,11,0,1286,19,58,157,0,7,11,3,7,0,0
2024-02-20,2024,2,20,51,8,6,0,1292,19,51,141,0,11,7,11,13,0,0
2024-02-21,2024,2,21,52,8,5,0,1297,19,48,121,0,6,11,7,8,0,0
2024-02-22,2024,2,22,53,8,16,1,1313,20,59,117,1,5,6,11,5,0,0
2024-02-23,2024,2,23,54,8,3,0,1316,20,59,117,1,16,5,6,3,1,0
2024-02-24,2024,2,24,55,8,11,0,1327,20,59,120,1,3,16,5,11,0,0
2024-02-25,2024,2,25,56,8,20,0,1347,20,72,126,1,11,3,16,7,0,0
2024-02-26,2024,2,26,57,9,6,0,1353,20,67,125,1,20,11,3,11,0,0
2024-02-27,2024,2,27,58,9,19,0,1372,20,80,131,1,6,20,11,6,0,0
2024-02-28,2024,2,28,59,9,9,1,1381,21,84,132,2,19,6,20,5,0,0
2024-02-29,2024,2,29,60,9,10,0,1391,21,78,137,1,9,19,6,16,1,1
2024-03-01,2024,3,1,61,9,4,0,1395,21,79,138,1,10,9,19,3,0,0
2024-03-02,2024,3,2,62,9,9,0,1404,21,77,136,1,4,10,9,11,0,0
2024-03-03,2024,3,3,63,9,10,0,1414,21,67,139,1,9,4,10,20,0,0
2024-03-04,2024,3,4,64,10,10,0,1424,21,71,138,1,10,9,4,6,0,0
2024-03-05,2024,3,5,65,10,3,0,1427,21,55,135,1,10,10,9,19,0,0
2024-03-06,2024,3,6,66,10,13,0,1440,21,59,143,0,3,10,10,9,0,1
2024-03-07,2024,3,7,67,10,12,1,1452,22,61,139,1,13,3,10,10,0,0
2024-03-08,2024,3,8,68,10,11,0,1463,22,68,147,1,12,13,3,4,1,0
2024-03-09,2024,3,9,69,10,6,0,1469,22,65,142,1,11,12,13,9,0,0
2024-03-10,2024,3,10,70,10,12,2,1481,24,67,134,3,6,11,12,10,0,0
2024-03-11,2024,3,11,71,11,10,0,1491,24,67,138,3,12,6,11,10,2,0
2024-03-12,2024,3,12,72,11,8,0,1499,24,72,127,3,10,12,6,3,0,0
2024-03-13,2024,3,13,73,11,8,0,1507,24,67,126,3,8,10,12,13,0,0
2024-03-14,2024,3,14,74,11,15,1,1522,25,70,131,3,8,8,10,12,0,1
2024-03-15,2024,3,15,75,11,2,0,1524,25,61,129,3,15,8,8,11,1,0
2024-03-16,2024,3,16,76,11,10,0,1534,25,65,130,3,2,15,8,6,0,0
2024-03-17,2024,3,17,77,11,9,0,1543,25,62,129,1,10,2,15,12,0,2
2024-03-18,2024,3,18,78,12,20,0,1563,25,72,139,1,9,10,2,10,0,0
2024-03-19,2024,3,19,79,12,19,0,1582,25,83,155,1,20,9,10,8,0,0
2024-03-20,2024,3,20,80,12,14,1,1596,26,89,156,2,19,20,9,8,0,0
2024-03-21,2024,3,21,81,12,11,0,1607,26,85,155,1,14,19,20,15,1,1
2024-03-22,2024,3,22,82,12,6,0,1613,26,89,150,1,11,14,19,2,0,0
2024-03-23,2024,3,23,83,12,4,1,1617,27,83,148,2,6,11,14,10,0,0
2024-03-24,2024,3,24,84,12,11,0,1628,27,85,147,2,4,6,11,9,1,0
2024-03-25,2024,3,25,85,13,10,0,1638,27,75,147,2,11,4,6,20,0,0
2024-03-26,2024,3,26,86,13,4,0,1642,27,60,143,2,10,11,4,19,0,0
2024-03-27,2024,3,27,87,13,14,0,1656,27,60,149,1,4,10,11,14,0,1
2024-03-28,2024,3,28,88,13,10,0,1666,27,59,144,1,14,4,10,11,0,0
2024-03-29,2024,3,29,89,13,4,0,1670,27,57,146,1,10,14,4,6,0,0
2024-03-30,2024,3,30,90,13,11,0,1681,27,64,147,0,4,10,14,4,0,1
2024-03-31,2024,3,31,91,13,21,0,1702,27,74,159,0,11,4,10,11,0,0
2024-04-01,2024,4,1,92,14,14,0,1716,27,78,153,0,21,11,4,10,0,0
2024-04-02,2024,4,2,93,14,10,0,1726,27,84,144,0,14,21,11,4,0,0
2024-04-03,2024,4,3,94,14,6,0,1732,27,76,136,0,10,14,21,14,0,0
2024-04-04,2024,4,4,95,14,11,0,1743,27,77,136,0,6,10,14,10,0,0
2024-04-05,2024,4,5,96,14,1,0,1744,27,74,131,0,11,6,10,4,0,0
2024-04-06,2024,4,6,97,14,9,0,1753,27,72,136,0,1,11,6,11,0,0
2024-04-07,2024,4,7,98,14,13,0,1766,27,64,138,0,9,1,11,21,0,0
2024-04-08,2024,4,8,99,15,5,0,1771,27,55,133,0,13,9,1,14,0,0
2024-04-09,2024,4,9,100,15,15,0,1786,27,60,144,0,5,13,9,10,0,0
2024-04-10,2024,4,10,101,15,0,0,1786,27,54,130,0,15,5,13,6,0,0
2024-04-11,2024,4,11,102,15,18,0,1804,27,61,138,0,0,15,5,11,0,0
2024-04-12,2024,4,12,103,15,2,0,1806,27,62,136,0,18,0,15,1,0,0
2024-04-13,2024,4,13,104,15,14,1,1820,28,67,139,1,2,18,0,9,0,0
2024-04-14,2024,4,14,105,15,8,0,1828,28,62,126,1,14,2,18,13,1,0
2024-04-15,2024,4,15,106,16,34,0,1862,28,91,146,1,8,14,2,5,0,0
2024-04-16,2024,4,16,107,16,34,0,1896,28,110,170,1,34,8,14,15,0,0
2024-04-17,2024,4,17,108,16,17,0,1913,28,127,181,1,34,34,8,0,0,0
2024-04-18,2024,4,18,109,16,23,1,1936,29,132,193,2,17,34,34,18,0,0
2024-04-19,2024,4,19,110,16,13,0,1949,29,143,205,2,23,17,34,2,1,0
2024-04-20,2024,4,20,111,16,17,0,1966,29,146,213,1,13,23,17,14,0,1
2024-04-21,2024,4,21,112,16,34,0,2000,29,172,234,1,17,13,23,8,0,0
2024-04-22,2024,4,22,113,17,37,0,2037,29,175,266,1,34,17,13,34,0,0
2024-04-23,2024,4,23,114,17,11,0,2048,29,152,262,1,37,34,17,34,0,0
2024-04-24,2024,4,24,115,17,33,0,2081,29,168,295,1,11,37,34,17,0,0
2024-04-25,2024,4,25,116,17,19,0,2100,29,164,296,0,33,11,37,23,0,1
2024-04-26,2024,4,26,117,17,8,0,2108,29,159,302,0,19,33,11,13,0,0
2024-04-27,2024,4,27,118,17,15,0,2123,29,157,303,0,8,19,33,17,0,0
2024-04-28,2024,4,28,119,17,31,0,2154,29,154,326,0,15,8,19,34,0,0
2024-04-29,2024,4,29,120,18,28,0,2182,29,145,320,0,31,15,8,37,0,0
2024-04-30,2024,4,30,121,18,24,0,2206,29,158,310,0,28,31,15,11,0,0
2024-05-01,2024,5,1,122,18,11,0,2217,29,136,304,0,24,28,31,33,0,0
2024-05-02,2024,5,2,123,18,19,0,2236,29,136,300,0,11,24,28,19,0,0
2024-05-03,2024,5,3,124,18,9,3,2245,32,137,296,3,19,11,24,8,0,0
2024-05-04,2024,5,4,125,18,13,0,2258,32,135,292,3,9,19,11,15,3,0
2024-05-05,2024,5,5,126,18,27,0,2285,32,131,285,3,13,9,19,31,0,0
2024-05-06,2024,5,6,127,19,35,0,2320,32,138,283,3,27,13,9,28,0,0
2024-05-07,2024,5,7,128,19,15,0,2335,32,129,287,3,35,27,13,24,0,0
2024-05-08,2024,5,8,129,19,22,2,2357,34,140,276,5,15,35,27,11,0,0
2024-05-09,2024,5,9,130,19,31,0,2388,34,152,288,5,22,15,35,19,2,0
2024-05-10,2024,5,10,131,19,6,0,2394,34,149,286,2,31,22,15,9,0,3
2024-05-11,2024,5,11,132,19,17,0,2411,34,153,288,2,6,31,22,13,0,0
2024-05-12,2024,5,12,133,19,46,0,2457,34,172,303,2,17,6,31,27,0,0
2024-05-13,2024,5,13,134,20,36,0,2493,34,173,311,2,46,17,6,35,0,0
2024-05-14,2024,5,14,135,20,28,0,2521,34,186,315,2,36,46,17,15,0,0
2024-05-15,2024,5,15,136,20,21,3,2542,37,185,325,3,28,36,46,22,0,2
2024-05-16,2024,5,16,137,20,24,0,2566,37,178,330,3,21,28,36,31,3,0
2024-05-17,2024,5,17,138,20,12,1,2578,38,184,333,4,24,21,28,6,0,0
2024-05-18,2024,5,18,139,20,13,0,2591,38,180,333,4,12,24,21,17,1,0
2024-05-19,2024,5,19,140,20,34,0,2625,38,168,340,4,13,12,24,46,0,0
2024-05-20,2024,5,20,141,21,27,0,2652,38,159,332,4,34,13,12,36,0,0
2024-05-21,2024,5,21,142,21,21,0,2673,38,152,338,4,27,34,13,28,0,0
2024-05-22,2024,5,22,143,21,7,0,2680,38,138,323,1,21,27,34,21,0,3
2024-05-23,2024,5,23,144,21,31,0,2711,38,145,323,1,7,21,27,24,0,0
2024-05-24,2024,5,24,145,21,12,0,2723,38,145,329,0,31,7,21,12,0,1
2024-05-25,2024,5,25,146,21,19,0,2742,38,151,331,0,12,31,7,13,0,0
2024-05-26,2024,5,26,147,21,28,0,2770,38,145,313,0,19,12,31,34,0,0
2024-05-27,2024,5,27,148,22,16,1,2786,39,134,293,1,28,19,12,27,0,0
2024-05-28,2024,5,28,149,22,6,1,2792,40,119,271,2,16,28,19,21,1,0
2024-05-29,2024,5,29,150,22,15,0,2807,40,127,265,2,6,16,28,7,1,0
2024-05-30,2024,5,30,151,22,25,1,2832,41,121,266,3,15,6,16,31,0,0
2024-05-31,2024,5,31,152,22,18,0,2850,41,127,272,3,25,15,6,12,1,0
2024-06-01,2024,6,1,153,22,16,0,2866,41,124,275,3,18,25,15,19,0,0
2024-06-02,2024,6,2,154,22,34,0,2900,41,130,275,3,16,18,25,28,0,0
2024-06-03,2024,6,3,155,23,22,0,2922,41,136,270,2,34,16,18,16,0,1
2024-06-04,2024,6,4,156,23,35,0,2957,41,165,284,1,22,34,16,6,0,1
2024-06-05,2024,6,5,157,23,24,1,2981,42,174,301,2,35,22,34,15,0,0
2024-06-06,2024,6,6,158,23,19,0,3000,42,168,289,1,24,35,22,25,1,1
2024-06-07,2024,6,7,159,23,16,0,3016,42,166,293,1,19,24,35,18,0,0
2024-06-08,2024,6,8,160,23,12,0,3028,42,162,286,1,16,19,24,16,0,0
2024-06-09,2024,6,9,161,23,25,1,3053,43,153,283,2,12,16,19,34,0,0
2024-06-10,2024,6,10,162,24,47,1,3100,44,178,314,3,25,12,16,22,1,0
2024-06-11,2024,6,11,163,24,15,0,3115,44,158,323,3,47,25,12,35,1,0
2024-06-12,2024,6,12,164,24,32,0,3147,44,166,340,2,15,47,25,24,0,1
2024-06-13,2024,6,13,165,24,31,0,3178,44,178,346,2,32,15,47,19,0,0
2024-06-14,2024,6,14,166,24,12,0,3190,44,174,340,2,31,32,15,16,0,0
2024-06-15,2024,6,15,167,24,14,1,3204,45,176,338,3,12,31,32,12,0,0
2024-06-16,2024,6,16,168,24,4,0,3208,45,155,308,2,14,12,31,25,1,1
2024-06-17,2024,6,17,169,25,0,0,3208,45,108,286,1,4,14,12,47,0,1
2024-06-18,2024,6,18,170,25,7,0,3215,45,100,258,1,0,4,14,15,0,0
2024-06-19,2024,6,19,171,25,59,1,3274,46,127,293,2,7,0,4,32,0,0
2024-06-20,2024,6,20,172,25,27,0,3301,46,123,301,2,59,7,0,31,1,0
2024-06-21,2024,6,21,173,25,11,0,3312,46,122,296,2,27,59,7,12,0,0
2024-06-22,2024,6,22,174,25,28,0,3340,46,136,312,1,11,27,59,14,0,1
2024-06-23,2024,6,23,175,25,42,0,3382,46,174,329,1,28,11,27,4,0,0
2024-06-24,2024,6,24,176,26,34,0,3416,46,208,316,1,42,28,11,0,0,0
2024-06-25,2024,6,25,177,26,43,1,3459,47,244,344,2,34,42,28,7,0,0
2024-06-26,2024,6,26,178,26,34,1,3493,48,219,346,2,43,34,42,59,1,1
2024-06-27,2024,6,27,179,26,42,0,3535,48,234,357,2,34,43,34,27,1,0
2024-06-28,2024,6,28,180,26,9,0,3544,48,232,354,2,42,34,43,11,0,0
2024-06-29,2024,6,29,181,26,60,0,3604,48,264,400,2,9,42,34,28,0,0
2024-06-30,2024,6,30,182,26,44,1,3648,49,266,440,3,60,9,42,42,0,0
2024-07-01,2024,7,1,183,27,51,1,3699,50,283,491,4,44,60,9,34,1,0
2024-07-02,2024,7,2,184,27,49,1,3748,51,289,533,4,51,44,60,43,1,1
2024-07-03,2024,7,3,185,27,61,1,3809,52,316,535,4,49,51,44,34,1,1
2024-07-04,2024,7,4,186,27,32,0,3841,52,306,540,4,61,49,51,42,1,0
2024-07-05,2024,7,5,187,27,22,0,3863,52,319,551,4,32,61,49,9,0,0
2024-07-06,2024,7,6,188,27,26,0,3889,52,285,549,4,22,32,61,60,0,0
2024-07-07,2024,7,7,189,27,86,0,3975,52,327,593,3,26,22,32,44,0,1
2024-07-08,2024,7,8,190,28,63,1,4038,53,339,622,3,86,26,22,51,0,1
2024-07-09,2024,7,9,191,28,88,0,4126,53,378,667,2,63,86,26,49,1,1
2024-07-10,2024,7,10,192,28,79,0,4205,53,396,712,1,88,63,86,61,0,1
2024-07-11,2024,7,11,193,28,103,0,4308,53,467,773,1,79,88,63,32,0,0
2024-07-12,2024,7,12,194,28,25,1,4333,54,470,789,2,103,79,88,22,0,0
2024-07-13,2024,7,13,195,28,75,1,4408,55,519,804,3,25,103,79,26,1,0
2024-07-14,2024,7,14,196,28,155,0,4563,55,588,915,3,75,25,103,86,1,0
2024-07-15,2024,7,15,197,29,112,2,4675,57,637,976,4,155,75,25,63,0,1
2024-07-16,2024,7,16,198,29,110,0,4785,57,659,1037,4,112,155,75,88,2,0
2024-07-17,2024,7,17,199,29,25,0,4810,57,605,1001,4,110,112,155,79,0,0
2024-07-18,2024,7,18,200,29,0,0,4810,57,502,969,4,25,110,112,103,0,0
2024-07-19,2024,7,19,201,29,0,0,4810,57,477,947,3,0,25,110,25,0,1
2024-07-20,2024,7,20,202,29,0,0,4810,57,402,921,2,0,0,25,75,0,1
2024-07-21,2024,7,21,203,29,0,0,4810,57,247,835,2,0,0,0,155,0,0
2024-07-22,2024,7,22,204,30,0,0,4810,57,135,772,0,0,0,0,112,0,2
2024-07-23,2024,7,23,205,30,0,0,4810,57,25,684,0,0,0,0,110,0,0
2024-07-24,2024,7,24,206,30,174,0,4984,57,174,779,0,0,0,0,25,0,0
2024-07-25,2024,7,25,207,30,263,0,5247,57,437,939,0,174,0,0,0,0,0
2024-07-26,2024,7,26,208,30,148,1,5395,58,585,1062,1,263,174,0,0,0,0
2024-07-27,2024,7,27,209,30,98,2,5493,60,683,1085,3,148,263,174,0,1,0
2024-07-28,2024,7,28,210,30,272,2,5765,62,955,1202,5,98,148,263,0,2,0
2024-07-29,2024,7,29,211,31,226,0,5991,62,1181,1316,5,272,98,148,0,2,0
2024-07-30,2024,7,30,212,31,150,1,6141,63,1331,1356,6,226,272,98,0,0,0
2024-07-31,2024,7,31,213,31,176,0,6317,63,1333,1507,6,150,226,272,174,1,0
2024-08-01,2024,8,1,214,31,197,1,6514,64,1267,1704,7,176,150,226,263,0,0
2024-08-02,2024,8,2,215,31,80,1,6594,65,1199,1784,7,197,176,150,148,1,1
2024-08-03,2024,8,3,216,31,154,0,6748,65,1255,1938,5,80,197,176,98,1,2
2024-08-04,2024,8,4,217,31,211,0,6959,65,1194,2149,3,154,80,197,272,0,2
2024-08-05,2024,8,5,218,32,35,0,6994,65,1003,2184,3,211,154,80,226,0,0
2024-08-06,2024,8,6,219,32,192,2,7186,67,1045,2376,4,35,211,154,150,0,1
2024-08-07,2024,8,7,220,32,159,0,7345,67,1028,2361,4,192,35,211,176,2,0
2024-08-08,2024,8,8,221,32,181,3,7526,70,1012,2279,6,159,192,35,197,0,1
2024-08-09,2024,8,9,222,32,34,0,7560,70,966,2165,5,181,159,192,80,3,1
2024-08-10,2024,8,10,223,32,204,1,7764,71,1016,2271,6,34,181,159,154,0,0
2024-08-11,2024,8,11,224,32,202,1,7966,72,1007,2201,7,204,34,181,211,1,0
2024-08-12,2024,8,12,225,33,285,2,8251,74,1257,2260,9,202,204,34,35,1,0
2024-08-13,2024,8,13,226,33,215,2,8466,76,1280,2325,9,285,202,204,192,2,2
2024-08-14,2024,8,14,227,33,233,2,8699,78,1354,2382,11,215,285,202,159,2,0
2024-08-15,2024,8,15,228,33,228,3,8927,81,1401,2413,11,233,215,285,181,2,3
2024-08-16,2024,8,16,229,33,50,0,8977,81,1417,2383,11,228,233,215,34,3,0
2024-08-17,2024,8,17,230,33,237,0,9214,81,1450,2466,10,50,228,233,204,0,1
2024-08-18,2024,8,18,231,33,334,0,9548,81,1582,2589,9,237,50,228,202,0,1
2024-08-19,2024,8,19,232,34,265,0,9813,81,1562,2819,7,334,237,50,285,0,2
2024-08-20,2024,8,20,233,34,249,1,10062,82,1596,2876,6,265,334,237,215,0,2
2024-08-21,2024,8,21,234,34,296,2,10358,84,1659,3013,6,249,265,334,233,1,2
2024-08-22,2024,8,22,235,34,217,1,10575,85,1648,3049,4,296,249,265,228,2,3
2024-08-23,2024,8,23,236,34,78,0,10653,85,1676,3093,4,217,296,249,50,1,0
2024-08-24,2024,8,24,237,34,303,0,10956,85,1742,3192,4,78,217,296,237,0,0
2024-08-25,2024,8,25,238,34,319,1,11275,86,1727,3309,5,303,78,217,334,0,0
2024-08-26,2024,8,26,239,35,105,0,11380,86,1567,3129,5,319,303,78,265,1,0
2024-08-27,2024,8,27,240,35,364,2,11744,88,1682,3278,6,105,319,303,249,0,1
2024-08-28,2024,8,28,241,35,326,0,12070,88,1712,3371,4,364,105,319,296,2,2
2024-08-29,2024,8,29,242,35,269,0,12339,88,1764,3412,3,326,364,105,217,0,1
2024-08-30,2024,8,30,243,35,153,1,12492,89,1839,3515,4,269,326,364,78,0,0
2024-08-31,2024,8,31,244,35,346,4,12838,93,1882,3624,8,153,269,326,303,1,0
2024-09-01,2024,9,1,245,35,478,3,13316,96,2041,3768,10,346,153,269,319,4,1
2024-09-02,2024,9,2,246,36,289,1,13605,97,2225,3792,11,478,346,153,105,3,0
2024-09-03,2024,9,3,247,36,335,2,13940,99,2196,3878,11,289,478,346,364,1,2
2024-09-04,2024,9,4,248,36,385,0,14325,99,2255,3967,11,335,289,478,326,2,0
2024-09-05,2024,9,5,249,36,358,3,14683,102,2344,4108,14,385,335,289,269,0,0
2024-09-06,2024,9,6,250,36,118,1,14801,103,2309,4148,14,358,385,335,153,3,1
2024-09-07,2024,9,7,251,36,403,3,15204,106,2366,4248,13,118,358,385,346,1,4
2024-09-08,2024,9,8,252,36,463,1,15667,107,2351,4392,11,403,118,358,478,3,3
2024-09-09,2024,9,9,253,37,615,1,16282,108,2677,4902,11,463,403,118,289,1,1
2024-09-10,2024,9,10,254,37,534,5,16816,113,2876,5072,14,615,463,403,335,1,2
2024-09-11,2024,9,11,255,37,465,0,17281,113,2956,5211,14,534,615,463,385,5,0
2024-09-12,2024,9,12,256,37,561,2,17842,115,3159,5503,13,465,534,615,358,0,3
2024-09-13,2024,9,13,257,37,196,0,18038,115,3237,5546,12,561,465,534,118,2,1
2024-09-14,2024,9,14,258,37,548,3,18586,118,3382,5748,12,196,561,465,403,0,3
2024-09-15,2024,9,15,259,37,486,1,19072,119,3405,5756,12,548,196,561,463,3,1
2024-09-16,2024,9,16,260,38,267,2,19339,121,3057,5734,13,486,548,196,615,1,1
2024-09-17,2024,9,17,261,38,872,5,20211,126,3395,6271,13,267,486,548,534,2,5
2024-09-18,2024,9,18,262,38,865,6,21076,132,3795,6751,19,872,267,486,465,5,0
2024-09-19,2024,9,19,263,38,887,3,21963,135,4121,7280,20,865,872,267,561,6,2
2024-09-20,2024,9,20,264,38,299,2,22262,137,4224,7461,22,887,865,872,196,3,0
2024-09-21,2024,9,21,265,38,843,1,23105,138,4519,7901,20,299,887,865,548,2,3
2024-09-22,2024,9,22,266,38,926,7,24031,145,4959,8364,26,843,299,887,486,1,1
2024-09-23,2024,9,23,267,39,866,2,24897,147,5558,8615,26,926,843,299,267,7,2
2024-09-24,2024,9,24,268,39,801,3,25698,150,5487,8882,24,866,926,843,872,2,5
2024-09-25,2024,9,25,269,39,854,2,26552,152,5476,9271,20,801,866,926,865,3,6
2024-09-26,2024,9,26,270,39,829,3,27381,155,5418,9539,20,854,801,866,887,2,3
2024-09-27,2024,9,27,271,39,321,2,27702,157,5440,9664,20,829,854,801,299,3,2
2024-09-28,2024,9,28,272,39,860,7,28562,164,5457,9976,26,321,829,854,843,2,1
2024-09-29,2024,9,29,273,39,1221,8,29783,172,5752,10711,27,860,321,829,926,7,7
2024-09-30,2024,9,30,274,40,1152,8,30935,180,6038,11596,33,1221,860,321,866,8,2
2024-10-01,2024,10,1,275,40,1145,3,32080,183,6382,11869,33,1152,1221,860,801,8,3
2024-10-02,2024,10,2,276,40,1017,8,33097,191,6545,12021,39,1145,1152,1221,854,3,2
2024-10-03,2024,10,3,277,40,1022,3,34119,194,6738,12156,39,1017,1145,1152,829,8,3
2024-10-04,2024,10,4,278,40,317,0,34436,194,6734,12174,37,1022,1017,1145,321,3,2
2024-10-05,2024,10,5,279,40,928,6,35364,200,6802,12259,36,317,1022,1017,860,0,7
2024-10-06,2024,10,6,280,40,1225,4,36589,204,6806,12558,32,928,317,1022,1221,6,8
2024-10-07,2024,10,7,281,41,1218,2,37807,206,6872,12910,26,1225,928,317,1152,4,8
2024-10-08,2024,10,8,282,41,981,5,38788,211,6708,13090,28,1218,1225,928,1145,2,3
2024-10-09,2024,10,9,283,41,1033,3,39821,214,6724,13269,23,981,1218,1225,1017,5,8
2024-10-10,2024,10,10,284,41,581,3,40402,217,6283,13021,23,1033,981,1218,1022,3,3
2024-10-11,2024,10,11,285,41,490,2,40892,219,6456,13190,25,581,1033,981,317,3,0
2024-10-12,2024,10,12,286,41,915,9,41807,228,6443,13245,28,490,581,1033,928,2,6
2024-10-13,2024,10,13,287,41,660,4,42467,232,5878,12684,28,915,490,581,1225,9,4
2024-10-14,2024,10,14,288,42,1186,1,43653,233,5846,12718,27,660,915,490,1218,4,2
2024-10-15,2024,10,15,289,42,1108,8,44761,241,5973,12681,30,1186,660,915,981,1,5
2024-10-16,2024,10,16,290,42,1186,3,45947,244,6126,12850,30,1108,1186,660,1033,8,3
2024-10-17,2024,10,17,291,42,1100,8,47047,252,6645,12928,35,1186,1108,1186,581,3,3
2024-10-18,2024,10,18,292,42,411,3,47458,255,6566,13022,36,1100,1186,1108,490,8,2
2024-10-19,2024,10,19,293,42,1121,4,48579,259,6772,13215,31,411,1100,1186,915,3,9
2024-10-20,2024,10,20,294,42,1298,6,49877,265,7410,13288,33,1121,411,1100,660,4,4
2024-10-21,2024,10,21,295,43,1039,3,50916,268,7263,13109,35,1298,1121,411,1186,6,1
2024-10-22,2024,10,22,296,43,1139,7,52055,275,7294,13267,34,1039,1298,1121,1108,3,8
2024-10-23,2024,10,23,297,43,1138,7,53193,282,7246,13372,38,1139,1039,1298,1186,7,3
2024-10-24,2024,10,24,298,43,1029,4,54222,286,7175,13820,34,1138,1139,1039,1100,7,8
2024-10-25,2024,10,25,299,43,477,1,54699,287,7241,13807,32,1029,1138,1139,411,4,3
2024-10-26,2024,10,26,300,43,961,2,55660,289,7081,13853,30,477,1029,1138,1121,1,4
2024-10-27,2024,10,27,301,43,1248,6,56908,295,7031,14441,30,961,477,1029,1298,2,6
2024-10-28,2024,10,28,302,44,1197,3,58105,298,7189,14452,30,1248,961,477,1039,6,3
2024-10-29,2024,10,29,303,44,1312,6,59417,304,7362,14656,29,1197,1248,961,1139,3,7
2024-10-30,2024,10,30,304,44,1154,4,60571,308,7378,14624,26,1312,1197,1248,1138,6,7
2024-10-31,2024,10,31,305,44,1243,7,61814,315,7592,14767,29,1154,1312,1197,1029,4,4
2024-11-01,2024,11,1,306,44,382,3,62196,318,7497,14738,31,1243,1154,1312,477,7,1
2024-11-02,2024,11,2,307,44,966,11,63162,329,7502,14583,40,382,1243,1154,961,3,2
2024-11-03,2024,11,3,308,44,1306,4,64468,333,7560,14591,38,966,382,1243,1248,11,6
2024-11-04,2024,11,4,309,45,1297,6,65765,339,7660,14849,41,1306,966,382,1197,4,3
2024-11-05,2024,11,5,310,45,1370,6,67135,345,7718,15080,41,1297,1306,966,1312,6,6
2024-11-06,2024,11,6,311,45,1109,4,68244,349,7673,15051,41,1370,1297,1306,1154,6,4
2024-11-07,2024,11,7,312,45,1209,7,69453,356,7639,15231,41,1109,1370,1297,1243,4,7
2024-11-08,2024,11,8,313,45,466,5,69919,361,7723,15220,43,1209,1109,1370,382,7,3
2024-11-09,2024,11,9,314,45,1134,8,71053,369,7891,15393,40,466,1209,1109,966,5,11
2024-11-10,2024,11,10,315,45,1337,5,72390,374,7922,15482,41,1134,466,1209,1306,8,4
2024-11-11,2024,11,11,316,46,1196,5,73586,379,7821,15481,40,1337,1134,466,1297,5,6
2024-11-12,2024,11,12,317,46,1211,7,74797,386,7662,15380,41,1196,1337,1134,1370,5,6
2024-11-13,2024,11,13,318,46,1221,5,76018,391,7774,15447,42,1211,1196,1337,1109,7,4
2024-11-14,2024,11,14,319,46,1107,5,77125,396,7672,15311,40,1221,1211,1196,1209,5,7
2024-11-15,2024,11,15,320,46,474,3,77599,399,7680,15403,38,1107,1221,1211,466,5,5
2024-11-16,2024,11,16,321,46,994,8,78593,407,7540,15431,38,474,1107,1221,1134,3,8
2024-11-17,2024,11,17,322,46,1389,8,79982,415,7592,15514,41,994,474,1107,1337,8,5
2024-11-18,2024,11,18,323,47,1083,6,81065,421,7479,15300,42,1389,994,474,1196,8,5
2024-11-19,2024,11,19,324,47,1052,1,82117,422,7320,14982,36,1083,1389,994,1211,6,7
2024-11-20,2024,11,20,325,47,1034,5,83151,427,7133,14907,36,1052,1083,1389,1221,1,5
2024-11-21,2024,11,21,326,47,1214,9,84365,436,7240,14912,40,1034,1052,1083,1107,5,5
2024-11-22,2024,11,22,327,47,458,2,84823,438,7224,14904,39,1214,1034,1052,474,9,3
2024-11-23,2024,11,23,328,47,886,10,85709,448,7116,14656,41,458,1214,1034,994,2,8
2024-11-24,2024,11,24,329,47,1079,11,86788,459,6806,14398,44,886,458,1214,1389,10,8
2024-11-25,2024,11,25,330,48,934,2,87722,461,6657,14136,40,1079,886,458,1083,11,6
2024-11-26,2024,11,26,331,48,990,10,88712,471,6595,13915,49,934,1079,886,1052,2,1
2024-11-27,2024,11,27,332,48,888,4,89600,475,6449,13582,48,990,934,1079,1034,10,5
2024-11-28,2024,11,28,333,48,837,7,90437,482,6072,13312,46,888,990,934,1214,4,9
2024-11-29,2024,11,29,334,48,354,3,90791,485,5968,13192,47,837,888,990,458,7,2
2024-11-30,2024,11,30,335,48,675,3,91466,488,5757,12873,40,354,837,888,886,3,10
2024-12-01,2024,12,1,336,48,882,6,92348,494,5560,12366,35,675,354,837,1079,3,11
2024-12-02,2024,12,2,337,49,705,3,93053,497,5331,11988,36,882,675,354,934,6,2
2024-12-03,2024,12,3,338,49,629,7,93682,504,4970,11565,33,705,882,675,990,3,10
2024-12-04,2024,12,4,339,49,629,5,94311,509,4711,11160,34,629,705,882,888,7,4
2024-12-05,2024,12,5,340,49,570,5,94881,514,4444,10516,32,629,629,705,837,5,7
2024-12-06,2024,12,6,341,49,186,3,95067,517,4276,10244,32,570,629,629,354,5,3
2024-12-07,2024,12,7,342,49,562,5,95629,522,4163,9920,34,186,570,629,675,3,3
2024-12-08,2024,12,8,343,49,596,7,96225,529,3877,9437,35,562,186,570,882,5,6
2024-12-09,2024,12,9,344,50,478,2,96703,531,3650,8981,34,596,562,186,705,7,3
2024-12-10,2024,12,10,345,50,453,1,97156,532,3474,8444,28,478,596,562,629,2,7
2024-12-11,2024,12,11,346,50,444,4,97600,536,3289,8000,27,453,478,596,629,1,5
2024-12-12,2024,12,12,347,50,344,5,97944,541,3063,7507,27,444,453,478,570,4,5
2024-12-13,2024,12,13,348,50,241,4,98185,545,3118,7394,28,344,444,453,186,5,3
2024-12-14,2024,12,14,349,50,316,3,98501,548,2872,7035,26,241,344,444,562,4,5
2024-12-15,2024,12,15,350,50,373,0,98874,548,2649,6526,19,316,241,344,596,3,7
2024-12-16,2024,12,16,351,51,107,1,98981,549,2278,5928,18,373,316,241,478,0,2
2024-12-17,2024,12,17,352,51,311,2,99292,551,2136,5610,19,107,373,316,453,1,1
2024-12-18,2024,12,18,353,51,274,5,99566,556,1966,5255,20,311,107,373,444,2,4
2024-12-19,2024,12,19,354,51,236,1,99802,557,1858,4921,16,274,311,107,344,5,5
2024-12-20,2024,12,20,355,51,83,1,99885,558,1700,4818,13,236,274,311,241,1,4
2024-12-21,2024,12,21,356,51,141,3,100026,561,1525,4397,13,83,236,274,316,1,3
2024-12-22,2024,12,22,357,51,165,2,100191,563,1317,3966,15,141,83,236,373,3,0
2024-12-23,2024,12,23,358,52,172,1,100363,564,1382,3660,15,165,141,83,107,2,1
2024-12-24,2024,12,24,359,52,125,1,100488,565,1196,3332,14,172,165,141,311,1,2
2024-12-25,2024,12,25,360,52,67,0,100555,565,989,2955,9,125,172,165,274,1,5
2024-12-26,2024,12,26,361,52,153,4,100708,569,906,2764,12,67,125,172,236,0,1
2024-12-27,2024,12,27,362,52,53,0,100761,569,876,2576,11,153,67,125,83,4,1
2024-12-28,2024,12,28,363,52,104,1,100865,570,839,2364,9,53,153,67,141,0,3
2024-12-29,2024,12,29,364,52,148,2,101013,572,822,2139,9,104,53,153,165,1,2
2024-12-30,2024,12,30,365,1,114,1,101127,573,764,2146,9,148,104,53,172,2,1
2024-12-31,2024,12,31,366,1,84,2,101211,575,723,1919,10,114,148,104,125,1,1
2025-01-01,2025,1,1,1,1,86,0,101297,575,742,1731,10,84,114,148,67,2,0
2025-01-02,2025,1,2,2,1,56,0,101353,575,645,1551,6,86,84,114,153,0,4
2025-01-03,2025,1,3,3,1,23,0,101376,575,615,1491,6,56,86,84,53,0,0
2025-01-04,2025,1,4,4,1,56,1,101432,576,567,1406,6,23,56,86,104,0,1
2025-01-05,2025,1,5,5,1,66,0,101498,576,485,1307,4,56,23,56,148,1,2
2025-01-06,2025,1,6,6,2,70,2,101568,578,441,1205,5,66,56,23,114,0,1
2025-01-07,2025,1,7,7,2,61,0,101629,578,418,1141,3,70,66,56,84,2,2
2025-01-08,2025,1,8,8,2,51,0,101680,578,383,1125,3,61,70,66,86,0,0
2025-01-09,2025,1,9,9,2,40,0,101720,578,367,1012,3,51,61,70,56,0,0
2025-01-10,2025,1,10,10,2,19,0,101739,578,363,978,3,40,51,61,23,0,0
2025-01-11,2025,1,11,11,2,45,1,101784,579,352,919,3,19,40,51,56,0,1
2025-01-12,2025,1,12,12,2,57,1,101841,580,343,828,4,45,19,40,66,1,0
2025-01-13,2025,1,13,13,3,39,0,101880,580,312,753,2,57,45,19,70,1,2
2025-01-14,2025,1,14,14,3,31,2,101911,582,282,700,4,39,57,45,61,0,0
2025-01-15,2025,1,15,15,3,45,0,101956,582,276,659,4,31,39,57,51,2,0
2025-01-16,2025,1,16,16,3,27,0,101983,582,263,630,4,45,31,39,40,0,0
2025-01-17,2025,1,17,17,3,19,0,102002,582,263,626,4,27,45,31,19,0,0
2025-01-18,2025,1,18,18,3,40,1,102042,583,258,610,4,19,27,45,45,0,1
2025-01-19,2025,1,19,19,3,46,0,102088,583,247,590,3,40,19,27,57,1,1
2025-01-20,2025,1,20,20,4,39,0,102127,583,247,559,3,46,40,19,39,0,0
2025-01-21,2025,1,21,21,4,24,0,102151,583,240,522,1,39,46,40,31,0,2
2025-01-22,2025,1,22,22,4,32,1,102183,584,227,503,2,24,39,46,45,0,0
2025-01-23,2025,1,23,23,4,21,0,102204,584,221,484,2,32,24,39,27,1,0
2025-01-24,2025,1,24,24,4,7,0,102211,584,209,472,2,21,32,24,19,0,0
2025-01-25,2025,1,25,25,4,21,0,102232,584,190,448,1,7,21,32,40,0,1
2025-01-26,2025,1,26,26,4,33,0,102265,584,177,424,1,21,7,21,46,0,0
2025-01-27,2025,1,27,27,5,34,1,102299,585,172,419,2,33,21,7,39,0,0
2025-01-28,2025,1,28,28,5,23,0,102322,585,171,411,2,34,33,21,24,1,0
2025-01-29,2025,1,29,29,5,21,0,102343,585,160,387,1,23,34,33,32,0,1
2025-01-30,2025,1,30,30,5,22,0,102365,585,161,382,1,21,23,34,21,0,0
2025-01-31,2025,1,31,31,5,7,0,102372,585,161,370,1,22,21,23,7,0,0
2025-02-01,2025,2,1,32,5,9,0,102381,585,149,339,1,7,22,21,21,0,0
2025-02-02,2025,2,2,33,5,17,0,102398,585,133,310,1,9,7,22,33,0,0
2025-02-03,2025,2,3,34,6,13,0,102411,585,112,284,0,17,9,7,34,0,1
2025-02-04,2025,2,4,35,6,27,0,102438,585,116,287,0,13,17,9,23,0,0
2025-02-05,2025,2,5,36,6,9,0,102447,585,104,264,0,27,13,17,21,0,0
2025-02-06,2025,2,6,37,6,9,0,102456,585,91,252,0,9,27,13,22,0,0
2025-02-07,2025,2,7,38,6,5,0,102461,585,89,250,0,9,9,27,7,0,0
2025-02-08,2025,2,8,39,6,8,1,102469,586,88,237,1,5,9,9,9,0,0
2025-02-09,2025,2,9,40,6,37,0,102506,586,108,241,1,8,5,9,17,1,0
2025-02-10,2025,2,10,41,7,29,0,102535,586,124,236,1,37,8,5,13,0,0
2025-02-11,2025,2,11,42,7,16,1,102551,587,113,229,2,29,37,8,27,0,0
2025-02-12,2025,2,12,43,7,16,0,102567,587,120,224,2,16,29,37,9,1,0
2025-02-13,2025,2,13,44,7,18,0,102585,587,129,220,2,16,16,29,9,0,0
2025-02-14,2025,2,14,45,7,5,0,102590,587,129,218,2,18,16,16,5,0,0
2025-02-15,2025,2,15,46,7,6,0,102596,587,127,215,1,5,18,16,8,0,1
2025-02-16,2025,2,16,47,7,21,0,102617,587,111,219,1,6,5,18,37,0,0
2025-02-17,2025,2,17,48,8,19,1,102636,588,101,225,2,21,6,5,29,0,0
2025-02-18,2025,2,18,49,8,16,0,102652,588,101,214,1,19,21,6,16,1,1
2025-02-19,2025,2,19,50,8,17,0,102669,588,102,222,1,16,19,21,16,0,0
2025-02-20,2025,2,20,51,8,6,0,102675,588,90,219,1,17,16,19,18,0,0
2025-02-21,2025,2,21,52,8,10,0,102685,588,95,224,1,6,17,16,5,0,0
2025-02-22,2025,2,22,53,8,10,0,102695,588,99,226,1,10,6,17,6,0,0
2025-02-23,2025,2,23,54,8,8,0,102703,588,86,197,1,10,10,6,21,0,0
2025-02-24,2025,2,24,55,9,10,0,102713,588,77,178,0,8,10,10,19,0,1
2025-02-25,2025,2,25,56,9,11,0,102724,588,72,173,0,10,8,10,16,0,0
2025-02-26,2025,2,26,57,9,6,0,102730,588,61,163,0,11,10,8,17,0,0
2025-02-27,2025,2,27,58,9,10,0,102740,588,65,155,0,6,11,10,6,0,0
2025-02-28,2025,2,28,59,9,6,0,102746,588,61,156,0,10,6,11,10,0,0
2025-03-01,2025,3,1,60,9,11,0,102757,588,62,161,0,6,10,6,10,0,0
2025-03-02,2025,3,2,61,9,8,0,102765,588,62,148,0,11,6,10,8,0,0
2025-03-03,2025,3,3,62,10,7,0,102772,588,59,136,0,8,11,6,10,0,0
2025-03-04,2025,3,4,63,10,11,0,102783,588,59,131,0,7,8,11,11,0,0
2025-03-05,2025,3,5,64,10,7,0,102790,588,60,121,0,11,7,8,6,0,0
2025-03-06,2025,3,6,65,10,5,0,102795,588,55,120,0,7,11,7,10,0,0
2025-03-07,2025,3,7,66,10,5,0,102800,588,54,115,0,5,7,11,6,0,0
2025-03-08,2025,3,8,67,10,9,0,102809,588,52,114,0,5,5,7,11,0,0
2025-03-09,2025,3,9,68,10,26,0,102835,588,70,132,0,9,5,5,8,0,0
2025-03-10,2025,3,10,69,11,24,0,102859,588,87,146,0,26,9,5,7,0,0
2025-03-11,2025,3,11,70,11,13,0,102872,588,89,148,0,24,26,9,11,0,0
2025-03-12,2025,3,12,71,11,17,0,102889,588,99,159,0,13,24,26,7,0,0
2025-03-13,2025,3,13,72,11,18,0,102907,588,112,167,0,17,13,24,5,0,0
2025-03-14,2025,3,14,73,11,10,0,102917,588,117,171,0,18,17,13,5,0,0
2025-03-15,2025,3,15,74,11,9,0,102926,588,117,169,0,10,18,17,9,0,0
2025-03-16,2025,3,16,75,11,22,0,102948,588,113,183,0,9,10,18,26,0,0
2025-03-17,2025,3,17,76,12,22,0,102970,588,111,198,0,22,9,10,24,0,0
2025-03-18,2025,3,18,77,12,8,0,102978,588,106,195,0,22,22,9,13,0,0
2025-03-19,2025,3,19,78,12,17,0,102995,588,106,205,0,8,22,22,17,0,0
2025-03-20,2025,3,20,79,12,13,0,103008,588,101,213,0,17,8,22,18,0,0
2025-03-21,2025,3,21,80,12,1,0,103009,588,92,209,0,13,17,8,10,0,0
2025-03-22,2025,3,22,81,12,13,0,103022,588,96,213,0,1,13,17,9,0,0
2025-03-23,2025,3,23,82,12,12,0,103034,588,86,199,0,13,1,13,22,0,0
2025-03-24,2025,3,24,83,13,22,0,103056,588,86,197,0,12,13,1,22,0,0
2025-03-25,2025,3,25,84,13,4,0,103060,588,82,188,0,22,12,13,8,0,0
2025-03-26,2025,3,26,85,13,2,0,103062,588,67,173,0,4,22,12,17,0,0
2025-03-27,2025,3,27,86,13,11,0,103073,588,65,166,0,2,4,22,13,0,0
2025-03-28,2025,3,28,87,13,3,0,103076,588,67,159,0,11,2,4,1,0,0
2025-03-29,2025,3,29,88,13,2,0,103078,588,56,152,0,3,11,2,13,0,0
2025-03-30,2025,3,30,89,13,2,0,103080,588,46,132,0,2,3,11,12,0,0
2025-03-31,2025,3,31,90,14,2,0,103082,588,26,112,0,2,2,3,22,0,0
2025-04-01,2025,4,1,91,14,4,0,103086,588,26,108,0,2,2,2,4,0,0
2025-04-02,2025,4,2,92,14,2,0,103088,588,26,93,0,4,2,2,2,0,0
2025-04-03,2025,4,3,93,14,13,0,103101,588,28,93,0,2,4,2,11,0,0
2025-04-04,2025,4,4,94,14,2,0,103103,588,27,94,0,13,2,4,3,0,0
2025-04-05,2025,4,5,95,14,10,1,103113,589,35,91,1,2,13,2,2,0,0
2025-04-06,2025,4,6,96,14,52,0,103165,589,85,131,1,10,2,13,2,1,0
2025-04-07,2025,4,7,97,15,23,0,103188,589,106,132,1,52,10,2,2,0,0
2025-04-08,2025,4,8,98,15,20,0,103208,589,122,148,1,23,52,10,4,0,0
2025-04-09,2025,4,9,99,15,29,0,103237,589,149,175,1,20,23,52,2,0,0
2025-04-10,2025,4,10,100,15,18,0,103255,589,154,182,1,29,20,23,13,0,0
2025-04-11,2025,4,11,101,15,8,0,103263,589,160,187,1,18,29,20,2,0,0
2025-04-12,2025,4,12,102,15,22,2,103285,591,172,207,2,8,18,29,10,0,1
2025-04-13,2025,4,13,103,15,26,0,103311,591,146,231,2,22,8,18,52,2,0
2025-04-14,2025,4,14,104,16,7,0,103318,591,130,236,2,26,22,8,23,0,0
2025-04-15,2025,4,15,105,16,41,0,103359,591,151,273,2,7,26,22,20,0,0
2025-04-16,2025,4,16,106,16,16,0,103375,591,138,287,2,41,7,26,29,0,0
2025-04-17,2025,4,17,107,16,18,0,103393,591,138,292,2,16,41,7,18,0,0
2025-04-18,2025,4,18,108,16,10,0,103403,591,140,300,2,18,16,41,8,0,0
2025-04-19,2025,4,19,109,16,35,1,103438,592,153,325,1,10,18,16,22,0,2
2025-04-20,2025,4,20,110,16,49,0,103487,592,176,322,1,35,10,18,26,1,0
2025-04-21,2025,4,21,111,17,42,1,103529,593,211,341,2,49,35,10,7,0,0
2025-04-22,2025,4,22,112,17,31,0,103560,593,201,352,2,42,49,35,41,1,0
2025-04-23,2025,4,23,113,17,38,0,103598,593,223,361,2,31,42,49,16,0,0
2025-04-24,2025,4,24,114,17,33,0,103631,593,238,376,2,38,31,42,18,0,0
2025-04-25,2025,4,25,115,17,9,1,103640,594,237,377,3,33,38,31,10,0,0
2025-04-26,2025,4,26,116,17,36,0,103676,594,238,391,2,9,33,38,35,1,1
2025-04-27,2025,4,27,117,17,24,0,103700,594,213,389,2,36,9,33,49,0,0
2025-04-28,2025,4,28,118,18,35,0,103735,594,206,417,1,24,36,9,42,0,1
2025-04-29,2025,4,29,119,18,19,0,103754,594,194,395,1,35,24,36,31,0,0
2025-04-30,2025,4,30,120,18,29,1,103783,595,185,408,2,19,35,24,38,0,0
2025-05-01,2025,5,1,121,18,14,0,103797,595,166,404,2,29,19,35,33,1,0
2025-05-02,2025,5,2,122,18,25,0,103822,595,182,419,1,14,29,19,9,0,1
2025-05-03,2025,5,3,123,18,43,0,103865,595,189,427,1,25,14,29,36,0,0
2025-05-04,2025,5,4,124,18,53,0,103918,595,218,431,1,43,25,14,24,0,0
2025-05-05,2025,5,5,125,19,49,0,103967,595,232,438,1,53,43,25,35,0,0
2025-05-06,2025,5,6,126,19,60,0,104027,595,273,467,1,49,53,43,19,0,0
2025-05-07,2025,5,7,127,19,42,0,104069,595,286,471,0,60,49,53,29,0,1
2025-05-08,2025,5,8,128,19,45,1,104114,596,317,483,1,42,60,49,14,0,0
2025-05-09,2025,5,9,129,19,22,0,104136,596,314,496,1,45,42,60,25,1,0
2025-05-10,2025,5,10,130,19,47,0,104183,596,318,507,1,22,45,42,43,0,0
2025-05-11,2025,5,11,131,19,14,0,104197,596,279,497,1,47,22,45,53,0,0
2025-05-12,2025,5,12,132,20,82,0,104279,596,312,544,1,14,47,22,49,0,0
2025-05-13,2025,5,13,133,20,48,0,104327,596,300,573,1,82,14,47,60,0,0
2025-05-14,2025,5,14,134,20,83,0,104410,596,341,627,1,48,82,14,42,0,0
2025-05-15,2025,5,15,135,20,65,0,104475,596,361,678,0,83,48,82,45,0,1
2025-05-16,2025,5,16,136,20,23,0,104498,596,362,676,0,65,83,48,22,0,0
2025-05-17,2025,5,17,137,20,79,1,104577,597,394,712,1,23,65,83,47,0,0
2025-05-18,2025,5,18,138,20,86,0,104663,597,466,745,1,79,23,65,14,1,0
2025-05-19,2025,5,19,139,21,84,0,104747,597,468,780,1,86,79,23,82,0,0
2025-05-20,2025,5,20,140,21,101,1,104848,598,521,821,2,84,86,79,48,0,0
2025-05-21,2025,5,21,141,21,67,0,104915,598,505,846,2,101,84,86,83,1,0
2025-05-22,2025,5,22,142,21,46,0,104961,598,486,847,2,67,101,84,65,0,0
2025-05-23,2025,5,23,143,21,17,0,104978,598,480,842,2,46,67,101,23,0,0
2025-05-24,2025,5,24,144,21,90,0,105068,598,491,885,1,17,46,67,79,0,1
2025-05-25,2025,5,25,145,21,115,0,105183,598,520,986,1,90,17,46,86,0,0
2025-05-26,2025,5,26,146,22,78,0,105261,598,514,982,1,115,90,17,84,0,0
2025-05-27,2025,5,27,147,22,70,0,105331,598,483,1004,0,78,115,90,101,0,1
2025-05-28,2025,5,28,148,22,120,0,105451,598,536,1041,0,70,78,115,67,0,0
2025-05-29,2025,5,29,149,22,62,0,105513,598,552,1038,0,120,70,78,46,0,0
2025-05-30,2025,5,30,150,22,21,0,105534,598,556,1036,0,62,120,70,17,0,0
2025-05-31,2025,5,31,151,22,22,0,105556,598,488,979,0,21,62,120,90,0,0
2025-06-01,2025,6,1,152,22,147,0,105703,598,520,1040,0,22,21,62,115,0,0
2025-06-02,2025,6,2,153,23,94,0,105797,598,536,1050,0,147,22,21,78,0,0
2025-06-03,2025,6,3,154,23,114,0,105911,598,580,1063,0,94,147,22,70,0,0
2025-06-04,2025,6,4,155,23,83,0,105994,598,543,1079,0,114,94,147,120,0,0
2025-06-05,2025,6,5,156,23,62,0,106056,598,543,1095,0,83,114,94,62,0,0
2025-06-06,2025,6,6,157,23,59,0,106115,598,581,1137,0,62,83,114,21,0,0
2025-06-07,2025,6,7,158,23,26,0,106141,598,585,1073,0,59,62,83,22,0,0
2025-06-08,2025,6,8,159,23,19,0,106160,598,457,977,0,26,59,62,147,0,0
2025-06-09,2025,6,9,160,24,28,0,106188,598,391,927,0,19,26,59,94,0,0
2025-06-10,2025,6,10,161,24,38,0,106226,598,315,895,0,28,19,26,114,0,0
2025-06-11,2025,6,11,162,24,288,0,106514,598,520,1063,0,38,28,19,83,0,0
2025-06-12,2025,6,12,163,24,108,0,106622,598,566,1109,0,288,38,28,62,0,0
2025-06-13,2025,6,13,164,24,159,5,106781,603,666,1247,5,108,288,38,59,0,0
2025-06-14,2025,6,14,165,24,169,1,106950,604,809,1394,6,159,108,288,26,5,0
2025-06-15,2025,6,15,166,24,249,1,107199,605,1039,1496,7,169,159,108,19,1,0
2025-06-16,2025,6,16,167,25,234,0,107433,605,1245,1636,7,249,169,159,28,1,0
2025-06-17,2025,6,17,168,25,244,0,107677,605,1451,1766,7,234,249,169,38,0,0
2025-06-18,2025,6,18,169,25,212,0,107889,605,1375,1895,7,244,234,249,288,0,0
2025-06-19,2025,6,19,170,25,248,0,108137,605,1515,2081,7,212,244,234,108,0,0
2025-06-20,2025,6,20,171,25,151,0,108288,605,1507,2173,2,248,212,244,159,0,5
2025-06-21,2025,6,21,172,25,352,1,108640,606,1690,2499,2,151,248,212,169,0,1
2025-06-22,2025,6,22,173,25,329,1,108969,607,1770,2809,2,352,151,248,249,1,1
2025-06-23,2025,6,23,174,26,392,2,109361,609,1928,3173,4,329,352,151,234,1,0
2025-06-24,2025,6,24,175,26,394,0,109755,609,2078,3529,4,392,329,352,244,2,0
2025-06-25,2025,6,25,176,26,326,2,110081,611,2192,3567,6,394,392,329,212,0,0
2025-06-26,2025,6,26,177,26,191,2,110272,613,2135,3650,8,326,394,392,248,2,0
2025-06-27,2025,6,27,178,26,159,2,110431,615,2143,3650,10,191,326,394,151,2,0
2025-06-28,2025,6,28,179,26,262,1,110693,616,2053,3743,10,159,191,326,352,2,1
2025-06-29,2025,6,29,180,26,383,1,111076,617,2107,3877,10,262,159,191,329,1,1
2025-06-30,2025,6,30,181,27,429,0,111505,617,2144,4072,8,383,262,159,392,1,2
2025-07-01,2025,7,1,182,27,386,1,111891,618,2136,4214,9,429,383,262,394,0,0
2025-07-02,2025,7,2,183,27,416,1,112307,619,2226,4418,8,386,429,383,326,1,2
2025-07-03,2025,7,3,184,27,358,1,112665,620,2393,4528,7,416,386,429,191,1,2
2025-07-04,2025,7,4,185,27,204,0,112869,620,2438,4581,5,358,416,386,159,1,2
2025-07-05,2025,7,5,186,27,294,0,113163,620,2470,4523,4,204,358,416,262,0,1
2025-07-06,2025,7,6,187,27,317,0,113480,620,2404,4511,3,294,204,358,383,0,1
2025-07-07,2025,7,7,188,28,492,3,113972,623,2467,4611,6,317,294,204,429,0,0
2025-07-08,2025,7,8,189,28,425,3,114397,626,2506,4642,8,492,317,294,386,3,1
2025-07-09,2025,7,9,190,28,406,1,114803,627,2496,4722,8,425,492,317,416,3,1
2025-07-10,2025,7,10,191,28,337,2,115140,629,2475,4868,9,406,425,492,358,1,1
2025-07-11,2025,7,11,192,28,138,0,115278,629,2409,4847,9,337,406,425,204,2,0
2025-07-12,2025,7,12,193,28,391,1,115669,630,2506,4976,10,138,337,406,294,0,0
2025-07-13,2025,7,13,194,28,420,1,116089,631,2609,5013,11,391,138,337,317,1,0
2025-07-14,2025,7,14,195,29,330,2,116419,633,2447,4914,10,420,391,138,492,1,3
2025-07-15,2025,7,15,196,29,375,0,116794,633,2397,4903,7,330,420,391,425,2,3
2025-07-16,2025,7,16,197,29,321,2,117115,635,2312,4808,8,375,330,420,406,0,1
2025-07-17,2025,7,17,198,29,375,0,117490,635,2350,4825,6,321,375,330,337,2,2
2025-07-18,2025,7,18,199,29,114,1,117604,636,2326,4735,7,375,321,375,138,0,0
2025-07-19,2025,7,19,200,29,394,1,117998,637,2329,4835,7,114,375,321,391,1,1
2025-07-20,2025,7,20,201,29,429,0,118427,637,2338,4947,6,394,114,375,420,1,1
2025-07-21,2025,7,21,202,30,364,0,118791,637,2372,4819,4,429,394,114,330,0,2
2025-07-22,2025,7,22,203,30,444,4,119235,641,2441,4838,8,364,429,394,375,0,0
2025-07-23,2025,7,23,204,30,319,3,119554,644,2439,4751,9,444,364,429,321,4,2
2025-07-24,2025,7,24,205,30,280,1,119834,645,2344,4694,10,319,444,364,375,3,0
2025-07-25,2025,7,25,206,30,164,0,119998,645,2394,4720,9,280,319,444,114,1,1
2025-07-26,2025,7,26,207,30,331,3,120329,648,2331,4660,11,164,280,319,394,0,1
2025-07-27,2025,7,27,208,30,409,3,120738,651,2311,4649,14,331,164,280,429,3,0
2025-07-28,2025,7,28,209,31,394,2,121132,653,2341,4713,16,409,331,164,364,3,0
2025-07-29,2025,7,29,210,31,393,1,121525,654,2290,4731,13,394,409,331,444,2,4
2025-07-30,2025,7,30,211,31,386,2,121911,656,2357,4796,12,393,394,409,319,1,3
2025-07-31,2025,7,31,212,31,278,2,122189,658,2355,4699,13,386,393,394,280,2,1
2025-08-01,2025,8,1,213,31,138,0,122327,658,2329,4723,13,278,386,393,164,2,0
2025-08-02,2025,8,2,214,31,209,1,122536,659,2207,4538,11,138,278,386,331,0,3
2025-08-03,2025,8,3,215,31,343,0,122879,659,2141,4452,8,209,138,278,409,1,3
2025-08-04,2025,8,4,216,32,395,2,123274,661,2142,4483,8,343,209,138,394,0,2
2025-08-05,2025,8,5,217,32,319,3,123593,664,2068,4358,10,395,343,209,393,2,1
2025-08-06,2025,8,6,218,32,428,3,124021,667,2110,4467,11,319,395,343,386,3,2
2025-08-07,2025,8,7,219,32,408,3,124429,670,2240,4595,12,428,319,395,278,3,2
2025-08-08,2025,8,8,220,32,190,0,124619,670,2292,4621,12,408,428,319,138,3,0
2025-08-09,2025,8,9,221,32,325,3,124944,673,2408,4615,14,190,408,428,209,0,1
2025-08-10,2025,8,10,222,32,448,3,125392,676,2513,4654,17,325,190,408,343,3,0
2025-08-11,2025,8,11,223,33,434,1,125826,677,2552,4694,16,448,325,190,395,3,2
2025-08-12,2025,8,12,224,33,382,1,126208,678,2615,4683,14,434,448,325,319,1,3
2025-08-13,2025,8,13,225,33,325,1,126533,679,2512,4622,12,382,434,448,428,1,3
2025-08-14,2025,8,14,226,33,252,0,126785,679,2356,4596,9,325,382,434,408,1,3
2025-08-15,2025,8,15,227,33,134,0,126919,679,2300,4592,9,252,325,382,190,0,0
2025-08-16,2025,8,16,228,33,202,0,127121,679,2177,4585,6,134,252,325,325,0,3
2025-08-17,2025,8,17,229,33,466,1,127587,680,2195,4708,4,202,134,252,448,0,3
2025-08-18,2025,8,18,230,34,380,0,127967,680,2141,4693,3,466,202,134,434,1,1
2025-08-19,2025,8,19,231,34,357,0,128324,680,2116,4731,2,380,466,202,382,0,1
2025-08-20,2025,8,20,232,34,356,0,128680,680,2147,4659,1,357,380,466,325,0,1
2025-08-21,2025,8,21,233,34,311,5,128991,685,2206,4562,6,356,357,380,252,0,0
2025-08-22,2025,8,22,234,34,173,0,129164,685,2245,4545,6,311,356,357,134,5,0
2025-08-23,2025,8,23,235,34,247,4,129411,689,2290,4467,10,173,311,356,202,0,0
2025-08-24,2025,8,24,236,34,430,1,129841,690,2254,4449,10,247,173,311,466,4,1
2025-08-25,2025,8,25,237,35,412,3,130253,693,2286,4427,13,430,247,173,380,1,0
2025-08-26,2025,8,26,238,35,470,0,130723,693,2399,4515,13,412,430,247,357,3,0
2025-08-27,2025,8,27,239,35,430,0,131153,693,2473,4620,13,470,412,430,356,0,0
2025-08-28,2025,8,28,240,35,432,0,131585,693,2594,4800,8,430,470,412,311,0,5
2025-08-29,2025,8,29,241,35,165,0,131750,693,2586,4831,8,432,430,470,173,0,0
2025-08-30,2025,8,30,242,35,367,0,132117,693,2706,4996,4,165,432,430,247,0,4
2025-08-31,2025,8,31,243,35,568,4,132685,697,2844,5098,7,367,165,432,430,0,1
2025-09-01,2025,9,1,244,36,552,0,133237,697,2984,5270,4,568,367,165,412,4,3
2025-09-02,2025,9,2,245,36,473,3,133710,700,2987,5386,7,552,568,367,470,0,0
2025-09-03,2025,9,3,246,36,445,2,134155,702,3002,5475,9,473,552,568,430,3,0
2025-09-04,2025,9,4,247,36,363,3,134518,705,2933,5527,12,445,473,552,432,2,0
2025-09-05,2025,9,5,248,36,158,0,134676,705,2926,5512,12,363,445,473,165,3,0
2025-09-06,2025,9,6,249,36,364,2,135040,707,2923,5629,14,158,363,445,367,0,0
2025-09-07,2025,9,7,250,36,580,3,135620,710,2935,5779,13,364,158,363,568,2,4
2025-09-08,2025,9,8,251,37,573,2,136193,712,2956,5940,15,580,364,158,552,3,0
2025-09-09,2025,9,9,252,37,487,0,136680,712,2970,5957,12,573,580,364,473,2,3
2025-09-10,2025,9,10,253,37,625,2,137305,714,3150,6152,12,487,573,580,445,0,2
2025-09-11,2025,9,11,254,37,586,6,137891,720,3373,6306,15,625,487,573,363,2,3
2025-09-12,2025,9,12,255,37,245,0,138136,720,3460,6386,15,586,625,487,158,6,0
2025-09-13,2025,9,13,256,37,279,2,138415,722,3375,6298,15,245,586,625,364,0,2
2025-09-14,2025,9,14,257,37,685,3,139100,725,3480,6415,15,279,245,586,580,2,3
2025-09-15,2025,9,15,258,38,636,5,139736,730,3543,6499,18,685,279,245,573,3,2
2025-09-16,2025,9,16,259,38,665,1,140401,731,3721,6691,19,636,685,279,487,5,0
2025-09-17,2025,9,17,260,38,622,5,141023,736,3718,6868,22,665,636,685,625,1,2
2025-09-18,2025,9,18,261,38,647,6,141670,742,3779,7152,22,622,665,636,586,5,6
2025-09-19,2025,9,19,262,38,248,0,141918,742,3782,7242,22,647,622,665,245,6,0
2025-09-20,2025,9,20,263,38,382,0,142300,742,3885,7260,20,248,647,622,279,0,2
2025-09-21,2025,9,21,264,38,740,12,143040,754,3940,7420,29,382,248,647,685,0,3
2025-09-22,2025,9,22,265,39,678,2,143718,756,3982,7525,26,740,382,248,636,12,5
2025-09-23,2025,9,23,266,39,664,1,144382,757,3981,7702,26,678,740,382,665,2,1
2025-09-24,2025,9,24,267,39,668,5,145050,762,4027,7745,26,664,678,740,622,1,5
2025-09-25,2025,9,25,268,39,632,1,145682,763,4012,7791,21,668,664,678,647,5,6
2025-09-26,2025,9,26,269,39,219,0,145901,763,3983,7765,21,632,668,664,248,1,0
2025-09-27,2025,9,27,270,39,514,0,146415,763,4115,8000,21,219,632,668,382,0,0
2025-09-28,2025,9,28,271,39,845,4,147260,767,4220,8160,13,514,219,632,740,0,12
2025-09-29,2025,9,29,272,40,734,3,147994,770,4276,8258,14,845,514,219,678,4,2
2025-09-30,2025,9,30,273,40,553,3,148547,773,4165,8146,16,734,845,514,664,3,1
2025-10-01,2025,10,1,274,40,490,2,149037,775,3987,8014,13,553,734,845,668,3,5
2025-10-02,2025,10,2,275,40,396,2,149433,777,3751,7763,14,490,553,734,632,2,1
2025-10-03,2025,10,3,276,40,263,0,149696,777,3795,7778,14,396,490,553,219,2,0
2025-10-04,2025,10,4,277,40,374,1,150070,778,3655,7770,15,263,396,490,514,0,0
2025-10-05,2025,10,5,278,40,1042,9,151112,787,3852,8072,20,374,263,396,845,1,4
2025-10-06,2025,10,6,279,41,782,3,151894,790,3900,8176,20,1042,374,263,734,9,3
2025-10-07,2025,10,7,280,41,715,2,152609,792,4062,8227,19,782,1042,374,553,3,3
2025-10-08,2025,10,8,281,41,700,3,153309,795,4272,8259,20,715,782,1042,490,2,2
2025-10-09,2025,10,9,282,41,781,4,154090,799,4657,8408,22,700,715,782,396,3,2
2025-10-10,2025,10,10,283,41,308,0,154398,799,4702,8497,22,781,700,715,263,4,0
2025-10-11,2025,10,11,284,41,413,1,154811,800,4741,8396,22,308,781,700,374,0,1
2025-10-12,2025,10,12,285,41,953,5,155764,805,4652,8504,18,413,308,781,1042,1,9
2025-10-13,2025,10,13,286,42,857,3,156621,808,4727,8627,18,953,413,308,782,5,3
2025-10-14,2025,10,14,287,42,841,5,157462,813,4853,8915,21,857,953,413,715,3,2
2025-10-15,2025,10,15,288,42,758,4,158220,817,4911,9183,22,841,857,953,700,5,3
2025-10-16,2025,10,16,289,42,755,1,158975,818,4885,9542,19,758,841,857,781,4,4
2025-10-17,2025,10,17,290,42,510,0,159485,818,5087,9789,19,755,758,841,308,1,0
2025-10-18,2025,10,18,291,42,619,1,160104,819,5293,10034,19,510,755,758,413,0,1
2025-10-19,2025,10,19,292,42,950,1,161054,820,5290,9942,15,619,510,755,953,1,5
2025-10-20,2025,10,20,293,43,942,4,161996,824,5375,10102,16,950,619,510,857,1,3
2025-10-21,2025,10,21,294,43,814,4,162810,828,5348,10201,15,942,950,619,841,4,5
2025-10-22,2025,10,22,295,43,762,2,163572,830,5352,10263,13,814,942,950,758,4,4
2025-10-23,2025,10,23,296,43,803,4,164375,834,5400,10285,16,762,814,942,755,2,1
2025-10-24,2025,10,24,297,43,468,0,164843,834,5358,10445,16,803,762,814,510,4,0
2025-10-25,2025,10,25,298,43,659,0,165502,834,5398,10691,15,468,803,762,619,0,1
2025-10-26,2025,10,26,299,43,1143,4,166645,838,5591,10881,18,659,468,803,950,0,1
2025-10-27,2025,10,27,300,44,983,6,167628,844,5632,11007,20,1143,659,468,942,4,4
2025-10-28,2025,10,28,301,44,1041,4,168669,848,5859,11207,20,983,1143,659,814,6,4
2025-10-29,2025,10,29,302,44,964,2,169633,850,6061,11413,20,1041,983,1143,762,4,2
2025-10-30,2025,10,30,303,44,928,3,170561,853,6186,11586,19,964,1041,983,803,2,4
2025-10-31,2025,10,31,304,44,506,0,171067,853,6224,11582,19,928,964,1041,468,3,0
2025-11-01,2025,11,1,305,44,651,0,171718,853,6216,11614,19,506,928,964,659,0,0
2025-11-02,2025,11,2,306,44,1162,5,172880,858,6235,11826,20,651,506,928,1143,0,4
2025-11-03,2025,11,3,307,45,1147,5,174027,863,6399,12031,19,1162,651,506,983,5,6
2025-11-04,2025,11,4,308,45,1101,4,175128,867,6459,12318,19,1147,1162,651,1041,5,4
2025-11-05,2025,11,5,309,45,1069,10,176197,877,6564,12625,27,1101,1147,1162,964,4,2
2025-11-06,2025,11,6,310,45,1034,5,177231,882,6670,12856,29,1069,1101,1147,928,10,3
2025-11-07,2025,11,7,311,45,488,0,177719,882,6652,12876,29,1034,1069,1101,506,5,0
2025-11-08,2025,11,8,312,45,834,0,178553,882,6835,13051,29,488,1034,1069,651,0,0
2025-11-09,2025,11,9,313,45,1195,6,179748,888,6868,13103,30,834,488,1034,1162,0,5
2025-11-10,2025,11,10,314,46,1179,2,180927,890,6900,13299,27,1195,834,488,1147,6,5
2025-11-11,2025,11,11,315,46,912,3,181839,893,6711,13170,26,1179,1195,834,1101,2,4
2025-11-12,2025,11,12,316,46,1139,5,182978,898,6781,13345,21,912,1179,1195,1069,3,10
2025-11-13,2025,11,13,317,46,833,3,183811,901,6580,13250,19,1139,912,1179,1034,5,5
2025-11-14,2025,11,14,318,46,460,0,184271,901,6552,13204,19,833,1139,912,488,3,0
2025-11-15,2025,11,15,319,46,792,5,185063,906,6510,13345,24,460,833,1139,834,0,0
2025-11-16,2025,11,16,320,46,1139,5,186202,911,6454,13322,23,792,460,833,1195,5,6
2025-11-17,2025,11,17,321,47,1007,3,187209,914,6282,13182,24,1139,792,460,1179,5,2
2025-11-18,2025,11,18,322,47,920,4,188129,918,6290,13001,25,1007,1139,792,912,3,3
2025-11-19,2025,11,19,323,47,783,6,188912,924,5934,12715,26,920,1007,1139,1139,4,5
2025-11-20,2025,11,20,324,47,745,4,189657,928,5846,12426,27,783,920,1007,833,6,3
2025-11-21,2025,11,21,325,47,436,0,190093,928,5822,12374,27,745,783,920,460,4,0
2025-11-22,2025,11,22,326,47,593,3,190686,931,5623,12133,25,436,745,783,792,0,5
2025-11-23,2025,11,23,327,47,778,8,191464,939,5262,11716,28,593,436,745,1139,3,5
2025-11-24,2025,11,24,328,48,705,2,192169,941,4960,11242,27,778,593,436,1007,8,3
2025-11-25,2025,11,25,329,48,633,1,192802,942,4673,10963,24,705,778,593,920,2,4
2025-11-26,2025,11,26,330,48,615,3,193417,945,4505,10439,21,633,705,778,783,1,6
2025-11-27,2025,11,27,331,48,567,7,193984,952,4327,10173,24,615,633,705,745,3,4
2025-11-28,2025,11,28,332,48,410,0,194394,952,4301,10123,24,567,615,633,436,7,0
2025-11-29,2025,11,29,333,48,572,0,194966,952,4280,9903,21,410,567,615,593,0,3
2025-11-30,2025,11,30,334,48,636,5,195602,957,4138,9400,18,572,410,567,778,0,8
2025-12-01,2025,12,1,335,49,610,2,196212,959,4043,9003,18,636,572,410,705,5,2
2025-12-02,2025,12,2,336,49,565,2,196777,961,3975,8648,19,610,636,572,633,2,1
2025-12-03,2025,12,3,337,49,490,5,197267,966,3850,8355,21,565,610,636,615,2,3
2025-12-04,2025,12,4,338,49,565,3,197832,969,3848,8175,17,490,565,610,567,5,7
2025-12-05,2025,12,5,339,49,200,0,198032,969,3638,7939,17,565,490,565,410,3,0
2025-12-06,2025,12,6,340,49,486,0,198518,969,3552,7832,17,200,565,490,572,0,0
2025-12-07,2025,12,7,341,49,516,2,199034,971,3432,7570,14,486,200,565,636,0,5
2025-12-08,2025,12,8,342,50,455,2,199489,973,3277,7320,14,516,486,200,610,2,2
2025-12-09,2025,12,9,343,50,421,3,199910,976,3133,7108,15,455,516,486,565,2,2
2025-12-10,2025,12,10,344,50,377,0,200287,976,3020,6870,10,421,455,516,490,3,5
2025-12-11,2025,12,11,345,50,411,3,200698,979,2866,6714,10,377,421,455,565,0,3
2025-12-12,2025,12,12,346,50,200,0,200898,979,2866,6504,10,411,377,421,200,3,0
2025-12-13,2025,12,13,347,50,397,0,201295,979,2777,6329,10,200,411,377,486,0,0
2025-12-14,2025,12,14,348,50,387,5,201682,984,2648,6080,13,397,200,411,516,0,2
2025-12-15,2025,12,15,349,51,288,0,201970,984,2481,5758,11,387,397,200,455,5,2
2025-12-16,2025,12,16,350,51,116,0,202086,984,2176,5309,8,288,387,397,421,0,3
2025-12-17,2025,12,17,351,51,172,0,202258,984,1971,4991,8,116,288,387,377,0,0
2025-12-18,2025,12,18,352,51,240,1,202498,985,1800,4666,6,172,116,288,411,0,3
2025-12-19,2025,12,19,353,51,114,0,202612,985,1714,4580,6,240,172,116,200,1,0
2025-12-20,2025,12,20,354,51,190,0,202802,985,1507,4284,6,114,240,172,397,0,0
2025-12-21,2025,12,21,355,51,194,2,202996,987,1314,3962,3,190,114,240,387,0,5
2025-12-22,2025,12,22,356,52,165,0,203161,987,1191,3672,3,194,190,114,288,2,0
2025-12-23,2025,12,23,357,52,126,0,203287,987,1201,3377,3,165,194,190,116,0,0
2025-12-24,2025,12,24,358,52,133,0,203420,987,1162,3133,3,126,165,194,172,0,0
2025-12-25,2025,12,25,359,52,71,0,203491,987,993,2793,2,133,126,165,240,0,1
2025-12-26,2025,12,26,360,52,66,0,203557,987,945,2659,2,71,133,126,114,0,0
2025-12-27,2025,12,27,361,52,96,0,203653,987,851,2358,2,66,71,133,190,0,0
2025-12-28,2025,12,28,362,52,114,0,203767,987,771,2085,0,96,66,71,194,0,2
2025-12-29,2025,12,29,363,1,111,0,203878,987,717,1908,0,114,96,66,165,0,0
2025-12-30,2025,12,30,364,1,120,1,203998,988,711,1912,1,111,114,96,126,0,0
2025-12-31,2025,12,31,365,1,68,0,204066,988,646,1808,1,120,111,114,133,1,0
2026-01-01,2026,1,1,1,1,76,0,204142,988,651,1644,1,68,120,111,71,0,0
2026-01-02,2026,1,2,2,1,63,0,204205,988,648,1593,1,76,68,120,66,0,0
2026-01-03,2026,1,3,3,1,53,0,204258,988,605,1456,1,63,76,68,96,0,0
2026-01-04,2026,1,4,4,1,69,0,204327,988,560,1331,1,53,63,76,114,0,0
2026-01-05,2026,1,5,5,2,68,0,204395,988,517,1234,1,69,53,63,111,0,0
2026-01-06,2026,1,6,6,2,55,0,204450,988,452,1163,0,68,69,53,120,0,1
2026-01-07,2026,1,7,7,2,46,0,204496,988,430,1076,0,55,68,69,68,0,0
2026-01-08,2026,1,8,8,2,35,0,204531,988,389,1040,0,46,55,68,76,0,0
2026-01-09,2026,1,9,9,2,29,0,204560,988,355,1003,0,35,46,55,63,0,0
2026-01-10,2026,1,10,10,2,31,0,204591,988,333,938,0,29,35,46,53,0,0
2026-01-11,2026,1,11,11,2,52,0,204643,988,316,876,0,31,29,35,69,0,0
2026-01-12,2026,1,12,12,3,33,1,204676,989,281,798,1,52,31,29,68,0,0
2026-01-13,2026,1,13,13,3,36,0,204712,989,262,714,1,33,52,31,55,1,0
2026-01-14,2026,1,14,14,3,35,0,204747,989,251,681,1,36,33,52,46,0,0
2026-01-15,2026,1,15,15,3,34,0,204781,989,250,639,1,35,36,33,35,0,0
2026-01-16,2026,1,16,16,3,12,0,204793,989,233,588,1,34,35,36,29,0,0
2026-01-17,2026,1,17,17,3,18,0,204811,989,220,553,1,12,34,35,31,0,0
2026-01-18,2026,1,18,18,3,35,0,204846,989,203,519,1,18,12,34,52,0,0
2026-01-19,2026,1,19,19,4,29,1,204875,990,199,480,1,35,18,12,33,0,1
2026-01-20,2026,1,20,20,4,26,0,204901,990,189,451,1,29,35,18,36,1,0
2026-01-21,2026,1,21,21,4,39,0,204940,990,193,444,1,26,29,35,35,0,0
2026-01-22,2026,1,22,22,4,19,0,204959,990,178,428,1,39,26,29,34,0,0
2026-01-23,2026,1,23,23,4,11,0,204970,990,177,410,1,19,39,26,12,0,0
2026-01-24,2026,1,24,24,4,24,0,204994,990,183,403,1,11,19,39,18,0,0
2026-01-25,2026,1,25,25,4,31,0,205025,990,179,382,1,24,11,19,35,0,0
2026-01-26,2026,1,26,26,5,22,0,205047,990,172,371,0,31,24,11,29,0,1
2026-01-27,2026,1,27,27,5,19,0,205066,990,165,354,0,22,31,24,26,0,0
2026-01-28,2026,1,28,28,5,25,0,205091,990,151,344,0,19,22,31,39,0,0
2026-01-29,2026,1,29,29,5,25,0,205116,990,157,335,0,25,19,22,19,0,0
2026-01-30,2026,1,30,30,5,14,0,205130,990,160,337,0,25,25,19,11,0,0
2026-01-31,2026,1,31,31,5,17,0,205147,990,153,336,0,14,25,25,24,0,0
2026-02-01,2026,2,1,32,5,14,0,205161,990,136,315,0,17,14,25,31,0,0
2026-02-02,2026,2,2,33,6,18,1,205179,991,132,304,1,14,17,14,22,0,0
2026-02-03,2026,2,3,34,6,17,0,205196,991,130,295,1,18,14,17,19,1,0
2026-02-04,2026,2,4,35,6,12,0,205208,991,117,268,1,17,18,14,25,0,0
2026-02-05,2026,2,5,36,6,16,0,205224,991,108,265,1,12,17,18,25,0,0
2026-02-06,2026,2,6,37,6,10,0,205234,991,104,264,1,16,12,17,14,0,0
2026-02-07,2026,2,7,38,6,14,0,205248,991,101,254,1,10,16,12,17,0,0
2026-02-08,2026,2,8,39,6,21,0,205269,991,108,244,1,14,10,16,14,0,0
2026-02-09,2026,2,9,40,7,23,1,205292,992,113,245,1,21,14,10,18,0,1
2026-02-10,2026,2,10,41,7,17,0,205309,992,113,243,1,23,21,14,17,1,0
2026-02-11,2026,2,11,42,7,9,0,205318,992,110,227,1,17,23,21,12,0,0
2026-02-12,2026,2,12,43,7,8,0,205326,992,102,210,1,9,17,23,16,0,0
2026-02-13,2026,2,13,44,7,6,0,205332,992,98,202,1,8,9,17,10,0,0
2026-02-14,2026,2,14,45,7,12,0,205344,992,96,197,1,6,8,9,14,0,0
2026-02-15,2026,2,15,46,7,31,0,205375,992,106,214,1,12,6,8,21,0,0
2026-02-16,2026,2,16,47,8,38,0,205413,992,121,234,0,31,12,6,23,0,1
2026-02-17,2026,2,17,48,8,14,0,205427,992,118,231,0,38,31,12,17,0,0
2026-02-18,2026,2,18,49,8,14,0,205441,992,123,233,0,14,38,31,9,0,0
2026-02-19,2026,2,19,50,8,16,0,205457,992,131,233,0,14,14,38,8,0,0
2026-02-20,2026,2,20,51,8,7,0,205464,992,132,230,0,16,14,14,6,0,0
2026-02-21,2026,2,21,52,8,12,0,205476,992,132,228,0,7,16,14,12,0,0
2026-02-22,2026,2,22,53,8,22,0,205498,992,123,229,0,12,7,16,31,0,0
2026-02-23,2026,2,23,54,9,7,0,205505,992,92,213,0,22,12,7,38,0,0
2026-02-24,2026,2,24,55,9,12,0,205517,992,90,208,0,7,22,12,14,0,0
2026-02-25,2026,2,25,56,9,14,0,205531,992,90,213,0,12,7,22,14,0,0
2026-02-26,2026,2,26,57,9,9,0,205540,992,83,214,0,14,12,7,16,0,0
2026-02-27,2026,2,27,58,9,7,0,205547,992,83,215,0,9,14,12,7,0,0
2026-02-28,2026,2,28,59,9,9,0,205556,992,80,212,0,7,9,14,12,0,0
2026-03-01,2026,3,1,60,9,10,0,205566,992,68,191,0,9,7,9,22,0,0
2026-03-02,2026,3,2,61,10,11,0,205577,992,72,164,0,10,9,7,7,0,0
2026-03-03,2026,3,3,62,10,12,0,205589,992,72,162,0,11,10,9,12,0,0
2026-03-04,2026,3,4,63,10,9,0,205598,992,67,157,0,12,11,10,14,0,0
2026-03-05,2026,3,5,64,10,10,0,205608,992,68,151,0,9,12,11,9,0,0
2026-03-06,2026,3,6,65,10,6,0,205614,992,67,150,0,10,9,12,7,0,0
2026-03-07,2026,3,7,66,10,14,0,205628,992,72,152,0,6,10,9,9,0,0
2026-03-08,2026,3,8,67,10,9,0,205637,992,71,139,0,14,6,10,10,0,0
2026-03-09,2026,3,9,68,11,11,0,205648,992,71,143,0,9,14,6,11,0,0
2026-03-10,2026,3,10,69,11,8,0,205656,992,67,139,0,11,9,14,12,0,0
2026-03-11,2026,3,11,70,11,9,0,205665,992,67,134,0,8,11,9,9,0,0
2026-03-12,2026,3,12,71,11,17,0,205682,992,74,142,0,9,8,11,10,0,0
2026-03-13,2026,3,13,72,11,6,0,205688,992,74,141,0,17,9,8,6,0,0
2026-03-14,2026,3,14,73,11,8,0,205696,992,68,140,0,6,17,9,14,0,0
2026-03-15,2026,3,15,74,11,24,0,205720,992,83,154,0,8,6,17,9,0,0
2026-03-16,2026,3,16,75,12,14,0,205734,992,86,157,0,24,8,6,11,0,0
2026-03-17,2026,3,17,76,12,4,0,205738,992,82,149,0,14,24,8,8,0,0
2026-03-18,2026,3,18,77,12,5,0,205743,992,78,145,0,4,14,24,9,0,0
2026-03-19,2026,3,19,78,12,9,0,205752,992,70,144,0,5,4,14,17,0,0
2026-03-20,2026,3,20,79,12,5,0,205757,992,69,143,0,9,5,4,6,0,0
2026-03-21,2026,3,21,80,12,5,0,205762,992,66,134,0,5,9,5,8,0,0
2026-03-22,2026,3,22,81,12,7,0,205769,992,49,132,0,5,5,9,24,0,0
2026-03-23,2026,3,23,82,13,7,0,205776,992,42,128,0,7,5,5,14,0,0
2026-03-24,2026,3,24,83,13,7,0,205783,992,45,127,0,7,7,5,4,0,0
2026-03-25,2026,3,25,84,13,9,0,205792,992,49,127,0,7,7,7,5,0,0
2026-03-26,2026,3,26,85,13,8,0,205800,992,48,118,0,9,7,7,9,0,0
2026-03-27,2026,3,27,86,13,7,0,205807,992,50,119,0,8,9,7,5,0,0
2026-03-28,2026,3,28,87,13,11,0,205818,992,56,122,0,7,8,9,5,0,0
2026-03-29,2026,3,29,88,13,41,0,205859,992,90,139,0,11,7,8,7,0,0
2026-03-30,2026,3,30,89,14,23,0,205882,992,106,148,0,41,11,7,7,0,0
2026-03-31,2026,3,31,90,14,27,0,205909,992,126,171,0,23,41,11,7,0,0
2026-04-01,2026,4,1,91,14,25,0,205934,992,142,191,0,27,23,41,9,0,0
2026-04-02,2026,4,2,92,14,25,0,205959,992,159,207,0,25,27,23,8,0,0
2026-04-03,2026,4,3,93,14,7,0,205966,992,159,209,0,25,25,27,7,0,0
2026-04-04,2026,4,4,94,14,10,0,205976,992,158,214,0,7,25,25,11,0,0
2026-04-05,2026,4,5,95,14,30,0,206006,992,147,237,0,10,7,25,41,0,0
2026-04-06,2026,4,6,96,15,43,0,206049,992,167,273,0,30,10,7,23,0,0
2026-04-07,2026,4,7,97,15,16,0,206065,992,156,282,0,43,30,10,27,0,0
2026-04-08,2026,4,8,98,15,20,0,206085,992,151,293,0,16,43,30,25,0,0
2026-04-09,2026,4,9,99,15,13,0,206098,992,139,298,0,20,16,43,25,0,0
2026-04-10,2026,4,10,100,15,13,0,206111,992,145,304,0,13,20,16,7,0,0
2026-04-11,2026,4,11,101,15,13,0,206124,992,148,306,0,13,13,20,10,0,0
2026-04-12,2026,4,12,102,15,13,0,206137,992,131,278,0,13,13,13,30,0,0
2026-04-13,2026,4,13,103,16,24,0,206161,992,112,279,0,13,13,13,43,0,0
2026-04-14,2026,4,14,104,16,14,0,206175,992,110,266,0,24,13,13,16,0,0
2026-04-15,2026,4,15,105,16,44,0,206219,992,134,285,0,14,24,13,20,0,0
2026-04-16,2026,4,16,106,16,31,0,206250,992,152,291,0,44,14,24,13,0,0
2026-04-17,2026,4,17,107,16,13,0,206263,992,152,297,0,31,44,14,13,0,0
2026-04-18,2026,4,18,108,16,17,0,206280,992,156,304,0,13,31,44,13,0,0
2026-04-19,2026,4,19,109,16,34,0,206314,992,177,308,0,17,13,31,13,0,0
2026-04-20,2026,4,20,110,17,16,0,206330,992,169,281,0,34,17,13,24,0,0
2026-04-21,2026,4,21,111,17,25,0,206355,992,180,290,0,16,34,17,14,0,0
2026-04-22,2026,4,22,112,17,25,0,206380,992,161,295,0,25,16,34,44,0,0
2026-04-23,2026,4,23,113,17,31,0,206411,992,161,313,0,25,25,16,31,0,0
2026-04-24,2026,4,24,114,17,13,0,206424,992,161,313,0,31,25,25,13,0,0
2026-04-25,2026,4,25,115,17,17,0,206441,992,161,317,0,13,31,25,17,0,0
2026-04-26,2026,4,26,116,17,28,0,206469,992,155,332,0,17,13,31,34,0,0
2026-04-27,2026,4,27,117,18,25,0,206494,992,164,333,0,28,17,13,16,0,0
2026-04-28,2026,4,28,118,18,21,0,206515,992,160,340,0,25,28,17,25,0,0
2026-04-29,2026,4,29,119,18,14,0,206529,992,149,310,0,21,25,28,25,0,0
2026-04-30,2026,4,30,120,18,20,0,206549,992,138,299,0,14,21,25,31,0,0
2026-05-01,2026,5,1,121,18,8,0,206557,992,133,294,0,20,14,21,13,0,0
2026-05-02,2026,5,2,122,18,9,0,206566,992,125,286,0,8,20,14,17,0,0
2026-05-03,2026,5,3,123,18,19,0,206585,992,116,271,0,9,8,20,28,0,0
2026-05-04,2026,5,4,124,19,16,0,206601,992,107,271,0,19,9,8,25,0,0
2026-05-05,2026,5,5,125,19,25,0,206626,992,111,271,0,16,19,9,21,0,0
2026-05-06,2026,5,6,126,19,28,0,206654,992,125,274,0,25,16,19,14,0,0
2026-05-07,2026,5,7,127,19,25,0,206679,992,130,268,0,28,25,16,20,0,0
2026-05-08,2026,5,8,128,19,12,0,206691,992,134,267,0,25,28,25,8,0,0
2026-05-09,2026,5,9,129,19,28,0,206719,992,153,278,0,12,25,28,9,0,0
2026-05-10,2026,5,10,130,19,35,1,206754,993,169,285,1,28,12,25,19,0,0
2026-05-11,2026,5,11,131,20,29,0,206783,993,182,289,1,35,28,12,16,1,0
2026-05-12,2026,5,12,132,20,37,0,206820,993,194,305,1,29,35,28,25,0,0
2026-05-13,2026,5,13,133,20,27,0,206847,993,193,318,1,37,29,35,28,0,0
2026-05-14,2026,5,14,134,20,29,0,206876,993,197,327,1,27,37,29,25,0,0
2026-05-15,2026,5,15,135,20,10,0,206886,993,195,329,1,29,27,37,12,0,0
2026-05-16,2026,5,16,136,20,16,0,206902,993,183,336,1,10,29,27,28,0,0
2026-05-17,2026,5,17,137,20,67,0,206969,993,215,384,0,16,10,29,35,0,1
2026-05-18,2026,5,18,138,21,28,0,206997,993,214,396,0,67,16,10,29,0,0
2026-05-19,2026,5,19,139,21,32,0,207029,993,209,403,0,28,67,16,37,0,0
2026-05-20,2026,5,20,140,21,33,0,207062,993,215,408,0,32,28,67,27,0,0
2026-05-21,2026,5,21,141,21,21,0,207083,993,207,404,0,33,32,28,29,0,0
2026-05-22,2026,5,22,142,21,11,0,207094,993,208,403,0,21,33,32,10,0,0
2026-05-23,2026,5,23,143,21,19,0,207113,993,211,394,0,11,21,33,16,0,0
2026-05-24,2026,5,24,144,21,23,0,207136,993,167,382,0,19,11,21,67,0,0
2026-05-25,2026,5,25,145,22,22,0,207158,993,161,375,0,23,19,11,28,0,0
2026-05-26,2026,5,26,146,22,14,0,207172,993,143,352,0,22,23,19,32,0,0
2026-05-27,2026,5,27,147,22,14,0,207186,993,124,339,0,14,22,23,33,0,0
2026-05-28,2026,5,28,148,22,10,0,207196,993,113,320,0,14,14,22,21,0,0
2026-05-29,2026,5,29,149,22,14,0,207210,993,116,324,0,10,14,14,11,0,0
2026-05-30,2026,5,30,150,22,29,0,207239,993,126,337,0,14,10,14,19,0,0
2026-05-31,2026,5,31,151,22,24,0,207263,993,127,294,0,29,14,10,23,0,0
2026-06-01,2026,6,1,152,23,110,1,207373,994,215,376,1,24,29,14,22,0,0
2026-06-02,2026,6,2,153,23,77,0,207450,994,278,421,1,110,24,29,14,1,0
2026-06-03,2026,6,3,154,23,75,0,207525,994,339,463,1,77,110,24,14,0,0
2026-06-04,2026,6,4,155,23,91,0,207616,994,420,533,1,75,77,110,10,0,0
2026-06-05,2026,6,5,156,23,23,0,207639,994,429,545,1,91,75,77,14,0,0
2026-06-06,2026,6,6,157,23,31,0,207670,994,431,557,1,23,91,75,29,0,0
2026-06-07,2026,6,7,158,23,107,0,207777,994,514,641,1,31,23,91,24,0,0
2026-06-08,2026,6,8,159,24,65,0,207842,994,469,684,0,107,31,23,110,0,1
2026-06-09,2026,6,9,160,24,68,0,207910,994,460,738,0,65,107,31,77,0,0
2026-06-10,2026,6,10,161,24,73,0,207983,994,458,797,0,68,65,107,75,0,0
2026-06-11,2026,6,11,162,24,95,0,208078,994,462,882,0,73,68,65,91,0,0
2026-06-12,2026,6,12,163,24,19,0,208097,994,458,887,0,95,73,68,23,0,0
2026-06-13,2026,6,13,164,24,35,0,208132,994,462,893,0,19,95,73,31,0,0
2026-06-14,2026,6,14,165,24,135,0,208267,994,490,1004,0,35,19,95,107,0,0
2026-06-15,2026,6,15,166,25,98,0,208365,994,523,992,0,135,35,19,65,0,0
2026-06-16,2026,6,16,167,25,113,1,208478,995,568,1028,1,98,135,35,68,0,0
2026-06-17,2026,6,17,168,25,87,0,208565,995,582,1040,1,113,98,135,73,1,0
2026-06-18,2026,6,18,169,25,101,0,208666,995,588,1050,1,87,113,98,95,0,0
2026-06-19,2026,6,19,170,25,20,0,208686,995,589,1047,1,101,87,113,19,0,0
2026-06-20,2026,6,20,171,25,60,0,208746,995,614,1076,1,20,101,87,35,0,0
2026-06-21,2026,6,21,172,25,220,2,208966,997,699,1189,3,60,20,101,135,0,0
2026-06-22,2026,6,22,173,26,139,1,209105,998,740,1263,4,220,60,20,98,2,0
2026-06-23,2026,6,23,174,26,121,0,209226,998,748,1316,3,139,220,60,113,1,1
2026-06-24,2026,6,24,175,26,157,2,209383,1000,818,1400,5,121,139,220,87,0,0
2026-06-25,2026,6,25,176,26,198,1,209581,1001,915,1503,6,157,121,139,101,2,0
2026-06-26,2026,6,26,177,26,31,0,209612,1001,926,1515,6,198,157,121,20,1,0
2026-06-27,2026,6,27,178,26,82,0,209694,1001,948,1562,6,31,198,157,60,0,0
2026-06-28,2026,6,28,179,26,172,0,209866,1001,900,1599,4,82,31,198,220,0,2
2026-06-29,2026,6,29,180,27,124,5,209990,1006,885,1625,8,172,82,31,139,0,1
2026-06-30,2026,6,30,181,27,180,0,210170,1006,944,1692,8,124,172,82,121,5,0
2026-07-01,2026,7,1,182,27,163,1,210333,1007,950,1768,7,180,124,172,157,0,2
2026-07-02,2026,7,2,183,27,147,0,210480,1007,899,1814,6,163,180,124,198,1,1
2026-07-03,2026,7,3,184,27,44,0,210524,1007,912,1838,6,147,163,180,31,0,0
2026-07-04,2026,7,4,185,27,139,0,210663,1007,969,1917,6,44,147,163,82,0,0
2026-07-05,2026,7,5,186,27,274,0,210937,1007,1071,1971,6,139,44,147,172,0,0
2026-07-06,2026,7,6,187,28,239,0,211176,1007,1186,2071,1,274,139,44,124,0,5
2026-07-07,2026,7,7,188,28,196,0,211372,1007,1202,2146,1,239,274,139,180,0,0
2026-07-08,2026,7,8,189,28,251,3,211623,1010,1290,2240,3,196,239,274,163,0,1
2026-07-09,2026,7,9,190,28,190,2,211813,1012,1333,2232,5,251,196,239,147,3,0
2026-07-10,2026,7,10,191,28,68,0,211881,1012,1357,2269,5,190,251,196,44,2,0
2026-07-11,2026,7,11,192,28,158,0,212039,1012,1376,2345,5,68,190,251,139,0,0
2026-07-12,2026,7,12,193,28,350,1,212389,1013,1452,2523,6,158,68,190,274,0,0
2026-07-13,2026,7,13,194,29,327,2,212716,1015,1540,2726,8,350,158,68,239,1,0
2026-07-14,2026,7,14,195,29,329,1,213045,1016,1673,2875,9,327,350,158,196,2,0
2026-07-15,2026,7,15,196,29,391,2,213436,1018,1813,3103,8,329,327,350,251,1,3
2026-07-16,2026,7,16,197,29,306,2,213742,1020,1929,3262,8,391,329,327,190,2,2
2026-07-17,2026,7,17,198,29,94,0,213836,1020,1955,3312,8,306,391,329,68,2,0
2026-07-18,2026,7,18,199,29,242,1,214078,1021,2039,3415,9,94,306,391,158,0,0
2026-07-19,2026,7,19,200,29,473,1,214551,1022,2162,3614,9,242,94,306,350,1,1
2026-07-20,2026,7,20,201,30,372,3,214923,1025,2207,3747,10,473,242,94,327,1,2
2026-07-21,2026,7,21,202,30,338,1,215261,1026,2216,3889,10,372,473,242,329,3,1
2026-07-22,2026,7,22,203,30,375,0,215636,1026,2200,4013,8,338,372,473,391,1,2
2026-07-23,2026,7,23,204,30,450,1,216086,1027,2344,4273,7,375,338,372,306,0,2
2026-07-24,2026,7,24,205,30,181,0,216267,1027,2431,4386,7,450,375,338,94,1,0
2026-07-25,2026,7,25,206,30,439,1,216706,1028,2628,4667,7,181,450,375,242,0,1
2026-07-26,2026,7,26,207,30,458,3,217164,1031,2613,4775,9,439,181,450,473,1,1
2026-07-27,2026,7,27,208,31,546,1,217710,1032,2787,4994,7,458,439,181,372,3,3
2026-07-28,2026,7,28,209,31,512,3,218222,1035,2961,5177,9,546,458,439,338,1,1
2026-07-29,2026,7,29,210,31,534,3,218756,1038,3120,5320,12,512,546,458,375,3,0
2026-07-30,2026,7,30,211,31,467,3,219223,1041,3137,5481,14,534,512,546,450,3,1
2026-07-31,2026,7,31,212,31,153,1,219376,1042,3109,5540,15,467,534,512,181,3,0
2026-08-01,2026,8,1,213,31,371,0,219747,1042,3041,5669,14,153,467,534,439,1,1
2026-08-02,2026,8,2,214,31,423,2,220170,1044,3006,5619,13,371,153,467,458,0,3
2026-08-03,2026,8,3,215,32,580,3,220750,1047,3040,5827,15,423,371,153,546,2,1
2026-08-04,2026,8,4,216,32,530,0,221280,1047,3058,6019,12,580,423,371,512,3,3
2026-08-05,2026,8,5,217,32,195,0,221475,1047,2719,5839,9,530,580,423,534,0,3
2026-08-06,2026,8,6,218,32,471,0,221946,1047,2723,5860,6,195,530,580,467,0,3
2026-08-07,2026,8,7,219,32,249,0,222195,1047,2819,5928,5,471,195,530,153,0,1
2026-08-08,2026,8,8,220,32,544,0,222739,1047,2992,6033,5,249,471,195,371,0,0
2026-08-09,2026,8,9,221,32,672,2,223411,1049,3241,6247,5,544,249,471,423,0,2
2026-08-10,2026,8,10,222,33,726,0,224137,1049,3387,6427,2,672,544,249,580,2,3
2026-08-11,2026,8,11,223,33,756,0,224893,1049,3613,6671,2,726,672,544,530,0,0
2026-08-12,2026,8,12,224,33,723,2,225616,1051,4141,6860,4,756,726,672,195,0,0
2026-08-13,2026,8,13,225,33,693,2,226309,1053,4363,7086,6,723,756,726,471,2,0
2026-08-14,2026,8,14,226,33,200,0,226509,1053,4314,7133,6,693,723,756,249,2,0
2026-08-15,2026,8,15,227,33,730,2,227239,1055,4500,7492,8,200,693,723,544,0,0
2026-08-16,2026,8,16,228,33,805,3,228044,1058,4633,7874,9,730,200,693,672,2,2
2026-08-17,2026,8,17,229,34,870,1,228914,1059,4777,8164,10,805,730,200,726,3,0
2026-08-18,2026,8,18,230,34,753,3,229667,1062,4774,8387,13,870,805,730,756,1,0
2026-08-19,2026,8,19,231,34,671,2,230338,1064,4722,8863,13,753,870,805,723,3,2
2026-08-20,2026,8,20,232,34,750,1,231088,1065,4779,9142,12,671,753,870,693,2,2
2026-08-21,2026,8,21,233,34,366,0,231454,1065,4945,9259,12,750,671,753,200,1,0
2026-08-22,2026,8,22,234,34,702,0,232156,1065,4917,9417,10,366,750,671,730,0,2
2026-08-23,2026,8,23,235,34,839,5,232995,1070,4951,9584,12,702,366,750,805,0,3
2026-08-24,2026,8,24,236,35,994,3,233989,1073,5075,9852,14,839,702,366,870,5,1
2026-08-25,2026,8,25,237,35,907,3,234896,1076,5229,10003,14,994,839,702,753,3,3
2026-08-26,2026,8,26,238,35,550,0,235446,1076,5108,9830,12,907,994,839,671,3,2
2026-08-27,2026,8,27,239,35,868,0,236314,1076,5226,10005,11,550,907,994,750,0,1
2026-08-28,2026,8,28,240,35,342,0,236656,1076,5202,10147,11,868,550,907,366,0,0
2026-08-29,2026,8,29,241,35,996,2,237652,1078,5496,10413,13,342,868,550,702,0,0
2026-08-30,2026,8,30,242,35,1097,3,238749,1081,5754,10705,11,996,342,868,839,2,5
2026-08-31,2026,8,31,243,36,1163,4,239912,1085,5923,10998,12,1097,996,342,994,3,3
2026-09-01,2026,9,1,244,36,1324,5,241236,1090,6340,11569,14,1163,1097,996,907,4,3
