date,temp_max,temp_min,temp_mean,precipitation,humidity_mean,wind_speed_max,solar_radiation,diurnal_temp_range
2023-11-01,33.1,22.5,27.5,0.0,66,9.7,17.21,10.6
2023-11-02,32.4,22.4,27.0,0.0,68,10.3,17.11,10.0
2023-11-03,31.2,21.8,26.4,0.0,68,12.3,16.0,9.4
2023-11-04,31.3,21.2,26.1,0.1,70,9.9,15.38,10.1
2023-11-05,31.4,21.6,26.0,0.0,69,9.1,15.96,9.8
2023-11-06,31.2,19.4,25.0,0.0,61,11.5,17.64,11.8
2023-11-07,30.1,18.1,23.9,0.0,69,10.8,16.02,12.0
2023-11-08,29.9,18.5,24.0,0.0,69,11.6,15.76,11.4
2023-11-09,30.1,18.1,23.8,0.0,72,10.0,16.96,12.0
2023-11-10,30.1,18.2,23.8,0.0,68,10.8,16.93,11.9
2023-11-11,30.2,18.0,23.8,0.0,71,10.1,16.68,12.2
2023-11-12,30.5,17.8,23.9,0.0,71,9.5,16.65,12.7
2023-11-13,30.6,18.0,24.0,0.0,71,8.6,16.7,12.6
2023-11-14,30.7,18.2,24.2,0.0,69,9.4,16.39,12.5
2023-11-15,31.0,19.5,25.0,0.0,62,7.8,15.42,11.5
2023-11-16,27.4,22.6,24.3,4.3,76,14.5,5.2,4.8
2023-11-17,23.4,19.7,22.0,62.2,91,28.4,1.6,3.7
2023-11-18,27.2,17.7,22.8,0.0,81,18.1,11.85,9.5
2023-11-19,28.7,19.1,23.5,0.1,82,10.6,14.05,9.6
2023-11-20,28.9,18.9,23.7,0.0,78,9.2,14.26,10.0
2023-11-21,28.5,20.1,23.6,0.0,75,9.2,12.37,8.4
2023-11-22,27.7,17.9,22.3,0.0,73,9.6,15.53,9.8
2023-11-23,27.4,16.2,21.3,0.0,74,9.7,15.58,11.2
2023-11-24,27.4,16.3,22.1,0.0,74,8.3,14.93,11.1
2023-11-25,27.6,16.6,22.1,0.0,72,10.2,15.02,11.0
2023-11-26,28.3,15.8,22.1,0.0,73,9.0,15.51,12.5
2023-11-27,29.6,16.5,22.9,0.0,77,9.3,14.43,13.1
2023-11-28,29.2,18.6,24.2,0.0,73,7.9,14.76,10.6
2023-11-29,28.6,18.2,23.7,0.0,76,8.6,12.64,10.4
2023-11-30,28.7,18.1,22.6,0.0,78,10.2,14.7,10.6
2023-12-01,28.7,17.3,22.4,0.0,75,9.2,14.58,11.4
2023-12-02,28.4,18.3,22.6,0.0,74,10.5,14.19,10.1
2023-12-03,29.0,18.0,22.6,0.0,75,10.5,13.91,11.0
2023-12-04,26.9,18.0,22.2,0.0,79,7.8,7.63,8.9
2023-12-05,23.4,21.5,22.1,1.2,81,8.9,2.5,1.9
2023-12-06,25.9,20.5,22.7,2.3,83,10.4,5.45,5.4
2023-12-07,21.4,19.8,20.3,37.2,92,13.4,2.88,1.6
2023-12-08,25.4,17.8,21.0,1.3,86,11.9,7.88,7.6
2023-12-09,25.7,16.3,20.6,0.0,82,14.3,13.17,9.4
2023-12-10,25.4,15.2,19.6,0.0,76,9.6,14.39,10.2
2023-12-11,24.9,13.7,18.8,0.0,80,11.8,13.73,11.2
2023-12-12,24.6,15.0,19.5,0.0,82,7.6,12.77,9.6
2023-12-13,24.7,14.3,19.0,0.0,77,11.3,14.19,10.4
2023-12-14,23.9,11.8,17.5,0.0,73,10.8,14.44,12.1
2023-12-15,24.2,12.4,17.7,0.0,76,12.1,14.23,11.8
2023-12-16,24.5,14.0,18.3,0.0,81,9.8,14.18,10.5
2023-12-17,24.6,13.4,18.2,0.0,79,10.0,14.18,11.2
2023-12-18,24.4,13.8,18.2,0.0,79,9.2,13.87,10.6
2023-12-19,24.5,14.3,18.5,0.0,78,9.3,13.99,10.2
2023-12-20,25.0,13.9,18.6,0.0,80,9.4,14.11,11.1
2023-12-21,25.7,13.7,19.1,0.0,80,8.8,13.38,12.0
2023-12-22,26.2,14.9,20.3,0.0,79,8.4,13.03,11.3
2023-12-23,25.7,15.0,19.8,0.1,82,9.7,10.09,10.7
2023-12-24,25.2,14.1,19.7,0.0,80,8.0,12.65,11.1
2023-12-25,25.6,16.7,20.7,0.0,75,9.0,12.87,8.9
2023-12-26,25.7,14.8,19.5,0.0,78,10.1,13.02,10.9
2023-12-27,25.9,14.5,19.8,0.0,80,9.4,12.6,11.4
2023-12-28,26.2,15.1,20.1,0.0,76,9.8,13.39,11.1
2023-12-29,26.6,14.6,20.0,0.0,75,9.7,13.52,12.0
2023-12-30,26.6,14.9,20.1,0.0,77,9.4,13.51,11.7
2023-12-31,26.0,16.0,19.9,0.0,79,11.4,13.46,10.0
2024-01-01,24.9,15.4,19.2,0.0,82,10.3,13.77,9.5
2024-01-02,23.6,14.4,18.0,0.0,83,9.6,13.78,9.2
2024-01-03,24.1,13.2,17.8,0.0,82,9.7,14.07,10.9
2024-01-04,24.3,12.4,17.5,0.0,84,9.5,13.09,11.9
2024-01-05,24.6,12.5,17.8,0.0,79,9.8,14.04,12.1
2024-01-06,25.0,12.7,18.2,0.0,79,9.9,13.76,12.3
2024-01-07,25.0,14.3,18.5,0.0,78,10.5,13.28,10.7
2024-01-08,24.8,14.7,18.7,0.0,82,11.0,13.7,10.1
2024-01-09,24.1,13.4,17.6,0.0,82,11.1,14.21,10.7
2024-01-10,23.7,11.7,17.0,0.0,84,10.4,13.95,12.0
2024-01-11,22.7,12.3,16.5,0.0,82,11.2,14.29,10.4
2024-01-12,21.8,11.0,15.4,0.0,85,11.6,13.99,10.8
2024-01-13,22.2,11.9,15.9,0.0,86,10.0,14.13,10.3
2024-01-14,21.4,10.8,15.1,0.0,88,8.8,13.08,10.6
2024-01-15,21.7,10.5,15.2,0.0,84,9.4,13.91,11.2
2024-01-16,20.5,9.8,14.3,0.0,83,9.5,13.34,10.7
2024-01-17,20.5,9.3,14.8,0.0,79,8.9,14.57,11.2
2024-01-18,22.1,10.6,16.2,0.0,80,8.8,11.72,11.5
2024-01-19,23.1,12.3,17.4,0.1,82,8.6,13.73,10.8
2024-01-20,23.3,12.5,16.7,0.0,82,10.8,14.94,10.8
2024-01-21,22.8,11.6,16.5,0.0,82,9.8,13.95,11.2
2024-01-22,20.7,9.2,14.3,0.0,82,9.1,15.43,11.5
2024-01-23,21.7,8.9,14.7,0.0,85,10.4,14.22,12.8
2024-01-24,22.7,10.7,16.7,0.4,81,11.0,13.81,12.0
2024-01-25,23.0,11.5,17.4,0.0,79,8.7,14.56,11.5
2024-01-26,22.9,12.6,16.8,0.0,77,11.4,14.84,10.3
2024-01-27,22.4,10.9,16.0,0.0,74,9.8,15.48,11.5
2024-01-28,23.1,10.0,16.0,0.0,70,9.5,15.96,13.1
2024-01-29,23.5,9.3,16.2,0.0,70,10.0,15.66,14.2
2024-01-30,24.4,11.6,18.4,0.6,68,9.4,15.01,12.8
2024-01-31,25.5,13.7,19.3,0.2,76,10.4,14.17,11.8
2024-02-01,25.8,15.5,20.0,2.6,83,10.7,13.3,10.3
2024-02-02,25.2,16.4,20.0,0.2,85,12.7,13.8,8.8
2024-02-03,25.4,14.6,19.1,0.0,71,15.8,16.68,10.8
2024-02-04,25.4,12.7,18.5,0.0,68,10.5,16.31,12.7
2024-02-05,26.2,13.3,20.0,0.0,68,9.7,15.75,12.9
2024-02-06,25.1,14.7,19.8,0.7,82,10.4,12.66,10.4
2024-02-07,25.1,14.7,19.8,0.0,74,12.3,15.64,10.4
2024-02-08,23.8,11.3,17.4,0.0,66,11.2,17.21,12.5
2024-02-09,23.5,10.8,17.0,0.0,66,9.8,17.65,12.7
2024-02-10,25.8,11.8,18.4,0.0,68,13.3,17.28,14.0
2024-02-11,27.2,13.3,19.6,0.0,67,10.8,17.28,13.9
2024-02-12,27.7,13.4,20.1,0.0,65,10.5,16.89,14.3
2024-02-13,28.3,13.2,20.5,0.0,60,10.4,17.01,15.1
2024-02-14,28.2,15.7,21.7,0.0,68,8.7,16.23,12.5
2024-02-15,28.6,17.4,22.3,0.6,75,9.1,16.49,11.2
2024-02-16,29.1,16.9,22.1,0.0,67,12.6,17.8,12.2
2024-02-17,28.1,15.2,20.9,0.0,65,11.9,18.29,12.9
2024-02-18,27.7,16.2,21.7,0.0,60,9.6,18.08,11.5
2024-02-19,28.7,14.8,21.9,0.0,63,8.9,18.38,13.9
2024-02-20,28.8,16.7,22.7,0.2,78,15.0,12.38,12.1
2024-02-21,29.9,21.2,24.3,0.0,80,15.8,16.23,8.7
2024-02-22,27.3,19.9,23.1,4.0,85,18.7,12.59,7.4
2024-02-23,25.2,17.5,21.1,6.5,82,10.2,11.24,7.7
2024-02-24,28.3,15.7,21.7,0.0,72,12.0,17.45,12.6
2024-02-25,26.5,17.3,21.1,1.7,62,17.7,13.55,9.2
2024-02-26,28.1,14.1,20.8,0.0,63,10.9,19.0,14.0
2024-02-27,27.6,16.0,21.4,0.0,55,12.4,17.11,11.6
2024-02-28,28.4,16.1,22.1,0.0,59,10.2,18.8,12.3
2024-02-29,29.9,17.5,22.9,0.0,60,14.4,18.94,12.4
2024-03-01,29.9,15.6,22.4,0.0,57,13.6,19.82,14.3
2024-03-02,30.1,15.3,22.5,0.0,55,12.4,19.96,14.8
2024-03-03,30.8,16.5,24.0,0.0,57,11.0,19.35,14.3
2024-03-04,29.4,19.0,23.4,1.5,68,12.8,15.46,10.4
2024-03-05,31.0,19.8,24.9,0.0,64,15.7,20.14,11.2
2024-03-06,29.4,16.2,22.4,0.0,56,11.5,20.91,13.2
2024-03-07,30.2,14.3,22.4,0.0,49,9.9,20.51,15.9
2024-03-08,30.9,15.6,22.8,0.0,47,12.7,20.93,15.3
2024-03-09,30.2,16.6,22.9,0.0,44,10.8,21.21,13.6
2024-03-10,29.8,16.7,23.2,0.0,44,12.4,21.21,13.1
2024-03-11,31.8,15.0,23.3,0.0,50,10.4,21.16,16.8
2024-03-12,33.3,17.2,25.0,0.0,59,14.7,20.04,16.1
2024-03-13,33.7,21.0,26.8,0.0,64,13.0,18.91,12.7
2024-03-14,30.7,21.6,25.5,1.0,78,18.9,14.6,9.1
2024-03-15,33.8,21.1,26.5,0.1,68,10.4,16.5,12.7
2024-03-16,34.1,19.4,26.6,0.4,62,15.5,18.19,14.7
2024-03-17,33.9,20.4,27.0,0.0,59,11.6,20.5,13.5
2024-03-18,33.5,21.6,27.5,0.0,59,8.9,15.34,11.9
2024-03-19,30.9,21.9,26.0,4.5,65,21.5,13.41,9.0
2024-03-20,27.7,20.0,23.9,2.5,70,15.9,12.07,7.7
2024-03-21,28.3,18.8,21.9,10.4,80,17.9,13.37,9.5
2024-03-22,28.2,16.6,22.3,0.3,74,12.4,19.95,11.6
2024-03-23,30.9,18.3,24.8,0.0,68,17.0,20.7,12.6
2024-03-24,32.6,20.6,25.4,0.6,78,22.4,17.78,12.0
2024-03-25,32.8,20.3,25.3,4.2,80,14.8,18.75,12.5
2024-03-26,32.0,21.3,26.1,0.0,69,16.6,21.16,10.7
2024-03-27,32.7,20.8,25.6,22.0,76,11.6,20.79,11.9
2024-03-28,30.5,21.7,25.1,11.0,84,12.3,17.68,8.8
2024-03-29,31.4,21.8,26.4,0.5,79,11.2,18.27,9.6
2024-03-30,32.2,21.6,26.9,6.1,85,14.4,15.83,10.6
2024-03-31,32.8,24.1,27.9,0.7,83,19.9,15.89,8.7
2024-04-01,36.4,24.6,29.5,0.0,71,18.4,22.48,11.8
2024-04-02,36.1,25.0,29.7,0.0,71,17.8,22.93,11.1
2024-04-03,35.8,25.7,30.1,0.1,66,16.7,22.18,10.1
2024-04-04,37.0,25.1,30.2,0.0,69,19.1,22.05,11.9
2024-04-05,36.5,25.3,30.3,0.3,73,15.5,18.35,11.2
2024-04-06,37.9,26.1,31.4,0.0,66,15.1,21.9,11.8
2024-04-07,35.8,26.0,29.8,1.9,72,16.9,17.67,9.8
2024-04-08,31.7,24.6,28.0,0.1,64,15.2,11.1,7.1
2024-04-09,34.8,21.6,28.3,0.0,62,8.9,19.56,13.2
2024-04-10,35.7,21.3,29.0,0.0,57,10.0,19.85,14.4
2024-04-11,34.5,22.4,27.6,0.0,70,26.8,16.82,12.1
2024-04-12,35.7,24.3,29.6,0.1,55,19.4,23.06,11.4
2024-04-13,36.3,23.3,29.1,0.1,55,10.7,22.27,13.0
2024-04-14,35.4,22.3,28.7,0.8,61,11.0,21.87,13.1
2024-04-15,37.0,23.3,30.6,0.1,56,12.6,22.95,13.7
2024-04-16,36.1,24.8,30.1,0.6,64,15.9,21.18,11.3
2024-04-17,36.7,26.1,30.3,1.5,70,20.7,22.51,10.6
2024-04-18,37.0,25.7,30.1,0.0,71,16.9,23.02,11.3
2024-04-19,39.0,26.0,31.6,0.0,65,23.1,23.91,13.0
2024-04-20,39.8,26.5,32.2,0.0,63,21.8,24.67,13.3
2024-04-21,38.8,27.1,32.0,0.0,68,25.7,23.54,11.7
2024-04-22,38.9,26.9,31.9,0.0,65,16.3,22.47,12.0
2024-04-23,37.7,26.0,31.6,0.0,60,17.1,21.58,11.7
2024-04-24,38.2,26.7,32.2,0.0,53,16.0,22.71,11.5
2024-04-25,39.0,26.0,32.2,0.0,58,15.3,23.97,13.0
2024-04-26,39.6,26.5,32.1,0.0,64,21.2,23.44,13.1
2024-04-27,39.2,26.9,32.4,0.1,68,19.8,23.03,12.3
2024-04-28,39.1,27.2,32.6,1.4,67,28.8,22.78,11.9
2024-04-29,40.9,28.1,33.6,0.0,61,22.1,24.39,12.8
2024-04-30,40.9,27.8,33.1,0.0,63,22.5,23.65,13.1
2024-05-01,40.1,28.2,33.4,0.0,60,19.6,24.07,11.9
2024-05-02,34.9,27.2,29.7,8.4,77,19.1,20.35,7.7
2024-05-03,37.8,26.3,30.8,0.0,67,14.2,24.36,11.5
2024-05-04,37.3,25.8,31.3,1.4,65,18.5,22.81,11.5
2024-05-05,35.7,22.3,27.7,18.4,79,31.0,20.16,13.4
2024-05-06,29.7,21.6,25.6,9.7,85,21.1,14.67,8.1
2024-05-07,32.8,23.8,27.4,0.1,73,14.7,21.28,9.0
2024-05-08,29.6,23.3,25.9,8.7,80,9.0,11.88,6.3
2024-05-09,31.9,23.4,27.6,0.7,75,8.0,19.0,8.5
2024-05-10,32.8,24.1,27.6,1.8,71,15.7,22.63,8.7
2024-05-11,33.4,23.2,27.7,1.1,78,13.8,21.73,10.2
2024-05-12,33.6,24.1,28.8,0.8,75,10.9,23.46,9.5
2024-05-13,34.2,24.7,29.8,0.0,71,8.7,20.97,9.5
2024-05-14,35.4,25.9,30.8,0.8,66,11.3,22.79,9.5
2024-05-15,37.2,27.0,32.2,0.0,61,9.8,22.7,10.2
2024-05-16,38.6,27.1,32.9,0.0,55,12.9,23.59,11.5
2024-05-17,40.2,27.9,33.6,0.0,55,16.6,22.38,12.3
2024-05-18,38.3,28.8,32.1,2.8,67,15.3,21.57,9.5
2024-05-19,34.2,27.2,29.9,0.5,77,14.1,14.67,7.0
2024-05-20,33.0,25.8,28.5,5.3,84,13.0,18.15,7.2
2024-05-21,33.9,24.9,29.5,3.6,76,10.7,21.85,9.0
2024-05-22,34.7,26.7,29.9,0.1,74,11.9,22.67,8.0
2024-05-23,36.4,26.3,31.4,0.0,67,10.1,24.38,10.1
2024-05-24,37.5,27.1,32.4,0.0,63,10.2,24.39,10.4
2024-05-25,38.4,28.6,33.2,0.4,62,24.2,23.73,9.8
2024-05-26,36.6,27.7,30.4,8.0,72,25.5,15.64,8.9
2024-05-27,27.5,26.0,26.7,174.7,91,55.5,2.16,1.5
2024-05-28,32.4,25.2,28.4,21.5,82,45.1,12.37,7.2
2024-05-29,35.2,28.8,31.6,1.0,80,27.6,19.98,6.4
2024-05-30,34.8,25.8,30.6,7.6,83,29.4,18.57,9.0
2024-05-31,35.1,28.0,31.0,0.3,77,20.5,22.69,7.1
2024-06-01,33.8,27.1,30.0,0.9,80,16.3,17.38,6.7
2024-06-02,33.5,27.5,30.1,1.4,82,18.5,20.27,6.0
2024-06-03,32.7,27.6,29.4,6.2,83,20.0,18.57,5.1
2024-06-04,33.4,27.3,29.3,7.3,83,17.5,21.15,6.1
2024-06-05,34.4,27.1,30.1,2.3,81,13.8,22.26,7.3
2024-06-06,35.2,27.4,29.4,32.3,86,13.3,18.87,7.8
2024-06-07,34.0,26.6,29.8,9.3,82,16.4,20.65,7.4
2024-06-08,36.1,24.8,30.3,13.8,78,16.4,20.16,11.3
2024-06-09,35.6,27.7,30.4,2.6,81,21.2,18.09,7.9
2024-06-10,35.9,27.9,31.5,0.1,77,17.6,19.6,8.0
2024-06-11,35.3,27.9,31.3,0.2,75,16.5,23.31,7.4
2024-06-12,34.1,27.6,30.4,3.1,79,17.1,17.82,6.5
2024-06-13,33.7,28.0,29.8,3.5,81,23.8,15.88,5.7
2024-06-14,34.1,27.4,29.7,4.4,83,21.3,15.74,6.7
2024-06-15,34.7,28.3,30.9,0.1,79,23.1,17.64,6.4
2024-06-16,34.5,28.1,30.0,9.6,81,21.8,14.61,6.4
2024-06-17,33.3,28.6,30.3,2.8,81,23.2,15.44,4.7
2024-06-18,31.7,25.9,29.1,24.5,86,26.8,10.18,5.8
2024-06-19,31.2,26.0,27.8,31.5,90,24.6,6.53,5.2
2024-06-20,32.0,26.3,28.3,8.9,85,17.3,13.24,5.7
2024-06-21,32.9,25.3,29.0,6.4,80,10.4,18.25,7.6
2024-06-22,32.4,26.5,29.2,7.6,82,8.9,17.19,5.9
2024-06-23,33.4,26.8,29.6,1.5,82,14.8,19.34,6.6
2024-06-24,33.5,26.9,30.0,1.5,81,14.4,22.55,6.6
2024-06-25,33.2,27.5,30.0,4.4,81,12.6,17.92,5.7
2024-06-26,32.6,27.5,29.3,25.1,84,12.6,15.89,5.1
2024-06-27,32.0,27.3,29.3,6.2,82,17.9,19.11,4.7
2024-06-28,31.6,26.8,28.7,11.0,83,23.5,16.22,4.8
2024-06-29,31.1,26.8,28.7,13.6,84,23.2,14.01,4.3
2024-06-30,30.5,25.8,27.8,14.8,88,20.5,11.67,4.7
2024-07-01,28.4,26.2,27.1,27.7,92,20.6,6.68,2.2
2024-07-02,30.7,25.5,27.2,27.4,91,16.4,10.32,5.2
2024-07-03,30.8,25.6,27.5,8.7,87,16.6,13.72,5.2
2024-07-04,30.2,25.9,27.4,14.1,89,21.6,11.49,4.3
2024-07-05,31.4,25.6,27.9,11.0,87,24.3,17.35,5.8
2024-07-06,31.8,26.0,28.5,2.9,83,19.1,20.45,5.8
2024-07-07,32.7,26.0,29.0,3.5,82,14.8,22.47,6.7
2024-07-08,32.3,26.4,28.9,0.7,83,18.5,19.36,5.9
2024-07-09,31.8,26.4,28.6,3.8,84,15.9,17.28,5.4
2024-07-10,31.3,26.6,28.6,5.0,84,19.8,15.83,4.7
2024-07-11,32.2,26.7,28.5,20.9,85,20.2,18.12,5.5
2024-07-12,31.8,25.8,27.7,4.6,87,20.0,13.89,6.0
2024-07-13,32.4,25.7,29.0,1.4,82,12.2,20.21,6.7
2024-07-14,33.9,26.3,29.4,1.0,80,15.7,21.4,7.6
2024-07-15,33.3,26.9,29.8,2.0,79,20.1,21.45,6.4
2024-07-16,32.2,27.6,29.2,2.6,81,16.3,16.61,4.6
2024-07-17,33.8,26.8,30.0,1.1,79,12.2,22.83,7.0
2024-07-18,35.0,27.0,30.4,1.1,78,21.7,23.55,8.0
2024-07-19,33.7,27.4,30.2,0.6,78,20.3,23.6,6.3
2024-07-20,32.9,27.6,29.7,1.7,77,23.2,20.78,5.3
2024-07-21,32.5,27.0,29.1,3.8,81,21.0,18.81,5.5
2024-07-22,30.8,26.5,27.8,17.7,85,24.7,12.43,4.3
2024-07-23,32.1,26.0,28.8,2.7,81,25.3,20.33,6.1
2024-07-24,32.6,26.3,29.0,4.5,83,18.5,19.43,6.3
2024-07-25,33.6,26.4,29.5,1.4,80,26.7,21.06,7.2
2024-07-26,33.2,27.1,29.7,2.2,79,27.0,20.46,6.1
2024-07-27,33.1,27.0,29.7,1.1,79,25.9,19.58,6.1
2024-07-28,34.0,27.0,29.8,1.2,78,20.1,21.76,7.0
2024-07-29,32.7,27.3,29.5,1.7,80,21.1,18.21,5.4
2024-07-30,32.9,26.1,28.9,15.7,83,17.6,18.86,6.8
2024-07-31,32.1,26.5,28.4,8.9,84,16.5,15.65,5.6
2024-08-01,28.0,25.7,26.6,46.9,91,27.7,7.32,2.3
2024-08-02,28.1,25.1,25.8,66.4,94,23.0,4.05,3.0
2024-08-03,30.2,24.9,26.9,25.0,89,23.7,12.32,5.3
2024-08-04,31.4,24.6,27.4,8.8,85,15.5,16.05,6.8
2024-08-05,32.6,25.9,28.2,11.6,85,16.6,19.79,6.7
2024-08-06,31.9,25.7,28.2,5.2,83,16.7,17.3,6.2
2024-08-07,30.5,25.9,27.9,10.2,84,20.2,15.69,4.6
2024-08-08,31.2,25.6,27.5,3.7,84,19.7,14.41,5.6
2024-08-09,30.7,24.8,27.1,25.8,87,18.8,13.93,5.9
2024-08-10,30.8,25.2,27.6,5.1,85,19.8,17.09,5.6
2024-08-11,30.5,25.9,27.8,4.3,87,17.4,14.34,4.6
2024-08-12,31.2,25.9,28.1,5.1,86,14.1,15.07,5.3
2024-08-13,32.6,25.5,28.7,12.7,86,12.9,19.03,7.1
2024-08-14,32.8,26.2,28.9,11.1,85,13.6,20.71,6.6
2024-08-15,32.8,26.2,28.9,2.5,82,16.3,19.61,6.6
2024-08-16,31.2,26.2,28.1,1.6,83,18.0,16.06,5.0
2024-08-17,30.3,25.6,27.5,6.0,84,20.6,16.7,4.7
2024-08-18,30.8,25.2,27.2,8.1,88,18.8,14.03,5.6
2024-08-19,28.1,24.9,25.7,41.8,93,25.3,5.03,3.2
2024-08-20,30.4,24.3,26.5,23.9,89,13.7,10.93,6.1
2024-08-21,29.5,24.8,26.3,50.1,93,19.6,9.29,4.7
2024-08-22,30.0,25.0,26.5,22.4,93,15.9,7.68,5.0
2024-08-23,30.0,24.7,26.7,16.4,91,18.9,10.51,5.3
2024-08-24,31.4,25.1,27.6,9.2,86,18.5,19.54,6.3
2024-08-25,29.1,24.2,26.3,21.6,88,21.5,12.93,4.9
2024-08-26,29.1,24.8,26.2,5.7,89,25.5,9.86,4.3
2024-08-27,31.1,25.1,27.1,9.5,88,16.2,13.95,6.0
2024-08-28,31.5,25.0,27.9,6.8,85,12.0,19.04,6.5
2024-08-29,33.4,25.4,29.0,0.2,80,12.3,21.91,8.0
2024-08-30,33.3,26.1,29.4,8.0,78,12.1,21.78,7.2
2024-08-31,32.7,26.3,29.2,1.5,80,19.6,19.34,6.4
2024-09-01,31.6,26.3,28.0,8.2,86,14.2,14.82,5.3
2024-09-02,32.9,26.2,28.8,3.6,84,15.8,20.59,6.7
2024-09-03,31.5,26.3,27.9,11.9,87,12.2,14.88,5.2
2024-09-04,32.4,25.5,28.8,2.8,83,11.6,21.89,6.9
2024-09-05,32.2,25.7,28.7,6.6,84,10.0,18.7,6.5
2024-09-06,33.0,25.8,29.0,7.9,84,7.9,15.88,7.2
2024-09-07,33.3,25.9,29.3,3.8,84,8.7,21.02,7.4
2024-09-08,33.1,26.7,29.4,4.1,82,12.4,20.24,6.4
2024-09-09,32.5,26.4,29.3,1.2,80,18.4,16.84,6.1
2024-09-10,31.2,26.7,28.5,0.7,83,17.6,11.46,4.5
2024-09-11,32.4,26.3,29.0,3.7,83,15.9,17.62,6.1
2024-09-12,34.1,26.8,29.8,11.6,82,16.1,19.76,7.3
2024-09-13,32.8,26.1,29.3,3.3,76,18.4,16.86,6.7
2024-09-14,27.2,25.1,25.8,57.0,90,29.8,5.35,2.1
2024-09-15,26.6,25.0,25.5,41.4,92,31.2,3.58,1.6
2024-09-16,32.2,24.6,27.3,15.9,87,25.5,15.5,7.6
2024-09-17,32.8,25.5,28.6,0.1,84,12.9,21.11,7.3
2024-09-18,34.1,25.7,29.8,0.0,80,7.3,21.27,8.4
2024-09-19,34.3,27.1,30.5,1.8,79,7.9,21.04,7.2
2024-09-20,35.4,27.3,31.2,0.0,76,9.4,21.98,8.1
2024-09-21,35.6,26.2,30.7,7.6,78,20.3,21.16,9.4
2024-09-22,34.6,27.6,30.8,0.0,79,9.2,22.16,7.0
2024-09-23,34.6,27.8,30.7,2.6,81,17.7,17.38,6.8
2024-09-24,31.9,26.0,28.5,8.9,84,17.8,15.57,5.9
2024-09-25,28.1,24.4,26.1,32.9,91,20.1,5.76,3.7
2024-09-26,29.2,24.6,26.3,20.0,91,16.6,8.93,4.6
2024-09-27,31.9,24.7,27.2,4.8,87,15.1,18.65,7.2
2024-09-28,32.0,25.3,27.7,4.9,87,13.9,17.43,6.7
2024-09-29,31.6,25.6,28.2,2.3,87,14.3,13.36,6.0
2024-09-30,32.1,26.0,28.9,2.0,86,11.4,16.32,6.1
2024-10-01,32.6,25.7,28.4,5.6,87,9.4,15.01,6.9
2024-10-02,32.2,24.7,27.7,21.8,88,9.8,15.7,7.5
2024-10-03,26.8,25.2,25.8,67.3,94,11.6,4.15,1.6
2024-10-04,30.2,24.4,26.4,34.0,91,18.8,9.74,5.8
2024-10-05,28.0,24.0,25.3,66.0,94,17.5,4.2,4.0
2024-10-06,31.2,24.5,27.3,2.4,86,13.2,17.86,6.7
2024-10-07,30.5,24.5,27.0,4.0,89,9.7,13.08,6.0
2024-10-08,31.7,24.6,27.4,6.0,89,9.8,16.95,7.1
2024-10-09,31.1,23.9,26.8,14.3,88,11.3,16.61,7.2
2024-10-10,29.7,24.1,26.5,6.0,89,13.8,12.35,5.6
2024-10-11,31.7,23.6,27.2,12.0,87,13.3,17.38,8.1
2024-10-12,31.1,24.2,27.1,7.2,88,8.8,15.46,6.9
2024-10-13,32.4,23.8,27.8,0.0,81,6.7,19.17,8.6
2024-10-14,32.1,23.3,27.5,0.0,77,7.7,19.68,8.8
2024-10-15,31.3,23.5,27.3,0.7,80,10.2,18.13,7.8
2024-10-16,31.6,23.9,27.9,0.2,77,7.7,18.39,7.7
2024-10-17,30.8,24.2,27.0,5.2,83,14.8,15.77,6.6
2024-10-18,29.4,23.2,25.9,13.3,89,12.4,11.99,6.2
2024-10-19,30.4,23.2,26.5,13.2,86,9.5,15.53,7.2
2024-10-20,30.8,21.8,26.2,0.0,82,9.6,18.39,9.0
2024-10-21,30.9,21.1,26.2,0.0,78,7.7,18.41,9.8
2024-10-22,32.7,22.6,27.7,0.0,79,9.7,18.37,10.1
2024-10-23,29.6,25.2,26.7,5.9,83,13.9,8.06,4.4
2024-10-24,28.1,23.7,25.2,7.9,84,22.8,9.94,4.4
2024-10-25,30.4,22.8,26.1,11.6,85,17.3,14.12,7.6
2024-10-26,29.9,24.1,26.2,7.6,87,17.7,11.86,5.8
2024-10-27,31.5,23.0,27.3,0.0,82,6.7,17.35,8.5
2024-10-28,31.5,23.5,27.1,0.0,80,10.2,17.56,8.0
2024-10-29,31.7,24.1,27.4,0.0,77,7.7,16.88,7.6
2024-10-30,31.3,24.3,27.3,0.8,82,8.3,15.97,7.0
2024-10-31,30.4,24.0,26.8,1.7,87,15.4,15.18,6.4
2024-11-01,32.0,23.5,27.2,0.0,81,8.6,16.69,8.5
2024-11-02,31.0,22.0,26.3,0.0,79,8.4,17.09,9.0
2024-11-03,31.4,21.1,26.2,0.0,76,7.8,17.68,10.3
2024-11-04,31.2,20.9,26.0,0.0,75,7.3,17.25,10.3
2024-11-05,30.6,21.9,26.0,0.5,73,13.8,14.64,8.7
2024-11-06,29.8,20.8,25.0,1.9,76,12.0,14.86,9.0
2024-11-07,30.4,20.8,25.2,0.0,76,8.0,16.62,9.6
2024-11-08,30.7,21.2,25.3,0.0,72,10.4,16.77,9.5
2024-11-09,30.3,20.2,24.6,0.0,72,12.6,16.79,10.1
2024-11-10,30.6,19.2,24.8,0.0,71,9.3,16.71,11.4
2024-11-11,31.1,19.9,25.5,0.0,66,7.7,16.23,11.2
2024-11-12,30.7,20.8,25.6,0.0,66,9.9,16.35,9.9
2024-11-13,31.0,21.5,25.7,0.0,70,7.9,16.44,9.5
2024-11-14,30.7,20.9,25.3,0.0,71,11.2,16.49,9.8
2024-11-15,30.1,20.4,24.7,0.0,69,9.1,16.45,9.7
2024-11-16,29.6,19.7,23.9,0.0,70,8.5,16.29,9.9
2024-11-17,28.4,18.7,23.0,0.0,64,8.2,16.44,9.7
2024-11-18,28.2,17.4,22.7,0.0,69,4.7,16.17,10.8
2024-11-19,28.7,17.6,23.0,0.0,70,6.0,16.12,11.1
2024-11-20,28.4,17.3,22.8,0.0,63,9.8,16.1,11.1
2024-11-21,28.8,17.4,22.7,0.0,68,8.0,15.28,11.4
2024-11-22,28.4,20.0,23.4,0.0,67,5.6,14.94,8.4
2024-11-23,28.6,19.0,23.3,0.0,71,7.7,14.64,9.6
2024-11-24,28.1,18.8,23.0,0.0,64,8.6,14.63,9.3
2024-11-25,27.9,17.5,22.5,0.0,62,8.1,15.29,10.4
2024-11-26,27.8,17.1,22.1,0.0,64,8.9,14.72,10.7
2024-11-27,27.8,17.0,22.5,0.0,69,7.3,14.9,10.8
2024-11-28,28.7,18.1,23.2,0.0,66,8.0,14.96,10.6
2024-11-29,30.1,19.0,24.2,0.0,67,8.9,14.37,11.1
2024-11-30,28.5,21.3,24.0,0.0,71,10.1,8.25,7.2
2024-12-01,28.6,20.5,23.8,0.3,64,10.6,12.94,8.1
2024-12-02,27.7,19.2,23.1,0.0,65,8.0,10.44,8.5
2024-12-03,27.8,18.3,22.6,0.0,69,9.0,14.62,9.5
2024-12-04,28.1,17.5,22.4,0.0,66,9.5,14.83,10.6
2024-12-05,27.9,16.8,22.1,0.0,65,9.5,14.48,11.1
2024-12-06,26.6,17.0,21.3,0.0,60,10.8,14.79,9.6
2024-12-07,26.2,15.6,20.3,0.0,57,10.3,14.88,10.6
2024-12-08,26.1,14.7,20.0,0.0,58,7.6,14.93,11.4
2024-12-09,26.4,14.7,20.3,0.0,64,11.5,13.74,11.7
2024-12-10,25.9,16.0,20.6,0.0,72,9.9,14.02,9.9
2024-12-11,25.4,15.6,19.9,0.0,68,10.2,14.54,9.8
2024-12-12,24.9,14.1,19.0,0.0,70,11.2,14.39,10.8
2024-12-13,25.0,14.5,19.3,0.0,72,10.5,14.26,10.5
2024-12-14,25.0,14.5,19.3,0.0,70,9.5,14.46,10.5
2024-12-15,25.6,14.4,19.3,0.0,71,9.5,14.56,11.2
2024-12-16,26.6,12.4,19.4,0.0,68,7.3,14.67,14.2
2024-12-17,27.7,14.6,20.7,0.0,62,8.6,13.91,13.1
2024-12-18,26.0,16.6,21.0,0.0,68,8.5,13.94,9.4
2024-12-19,26.2,14.9,20.3,0.0,72,6.0,13.95,11.3
2024-12-20,26.3,15.1,20.4,0.0,72,6.3,13.58,11.2
2024-12-21,21.8,17.4,19.5,0.9,77,7.1,4.63,4.4
2024-12-22,25.6,15.1,19.7,0.0,77,9.4,13.24,10.5
2024-12-23,26.4,14.7,19.9,0.0,68,8.0,14.37,11.7
2024-12-24,26.0,14.4,20.1,0.0,65,7.4,14.06,11.6
2024-12-25,26.7,15.6,20.8,0.0,61,8.9,12.61,11.1
2024-12-26,27.7,17.0,21.7,0.0,61,8.9,13.73,10.7
2024-12-27,26.4,16.1,21.0,0.0,63,10.2,14.03,10.3
2024-12-28,27.1,14.7,20.8,0.0,66,7.8,13.92,12.4
2024-12-29,26.7,15.8,21.1,0.0,68,8.1,13.48,10.9
2024-12-30,26.8,16.8,21.4,0.0,69,10.8,13.68,10.0
2024-12-31,24.7,15.6,19.9,0.0,71,10.8,13.91,9.1
2025-01-01,24.9,14.9,19.1,0.0,77,9.6,13.65,10.0
2025-01-02,24.1,13.7,18.2,0.0,79,10.3,13.73,10.4
2025-01-03,25.1,13.5,18.7,0.0,76,10.2,13.73,11.6
2025-01-04,27.0,14.8,20.3,0.0,76,7.2,12.47,12.2
2025-01-05,27.8,15.0,21.1,0.0,77,7.7,12.57,12.8
2025-01-06,27.9,16.4,21.9,0.0,75,10.3,12.55,11.5
2025-01-07,25.5,16.2,20.9,0.0,69,10.9,13.85,9.3
2025-01-08,23.9,15.9,19.3,0.0,73,11.9,13.56,8.0
2025-01-09,23.4,13.5,17.9,0.0,72,9.4,14.31,9.9
2025-01-10,24.4,13.2,18.4,0.0,66,9.3,14.39,11.2
2025-01-11,26.2,13.9,19.7,0.0,66,7.4,14.37,12.3
2025-01-12,27.8,15.3,21.2,0.0,63,8.2,14.18,12.5
2025-01-13,26.6,16.2,21.5,0.0,65,8.5,14.05,10.4
2025-01-14,27.1,16.0,21.1,0.0,65,11.2,14.04,11.1
2025-01-15,27.1,15.7,20.8,0.0,63,11.6,14.28,11.4
2025-01-16,27.8,15.2,21.1,0.0,65,9.8,14.45,12.6
2025-01-17,27.5,16.0,21.3,0.0,62,9.4,14.36,11.5
2025-01-18,26.5,15.7,20.8,0.0,68,10.2,14.45,10.8
2025-01-19,25.4,15.1,20.0,0.0,66,12.0,15.17,10.3
2025-01-20,24.4,14.4,19.3,0.0,71,9.2,15.0,10.0
2025-01-21,25.3,14.5,19.8,0.0,71,9.0,14.97,10.8
2025-01-22,26.2,15.5,20.6,0.0,73,7.4,14.72,10.7
2025-01-23,26.4,13.8,19.8,0.0,72,9.5,14.93,12.6
2025-01-24,26.4,14.8,20.4,0.0,69,7.8,15.17,11.6
2025-01-25,26.3,16.0,20.7,0.0,66,9.7,13.36,10.3
2025-01-26,25.1,14.4,19.8,0.0,61,10.8,15.65,10.7
2025-01-27,26.0,14.4,19.9,0.0,66,9.0,14.96,11.6
2025-01-28,26.2,15.1,20.5,0.0,61,10.6,15.68,11.1
2025-01-29,26.7,15.9,21.1,0.0,56,7.6,15.85,10.8
2025-01-30,26.9,16.7,21.6,2.0,72,16.9,12.47,10.2
2025-01-31,27.7,19.6,22.7,1.1,83,10.1,9.45,8.1
2025-02-01,27.7,18.8,22.4,0.1,82,7.2,12.06,8.9
2025-02-02,29.1,18.4,23.0,0.0,74,10.4,14.48,10.7
2025-02-03,28.3,17.1,22.3,0.0,68,10.5,15.94,11.2
2025-02-04,27.1,15.6,21.5,0.0,63,9.1,16.67,11.5
2025-02-05,28.0,16.9,22.6,0.0,63,9.2,16.31,11.1
2025-02-06,29.9,18.7,23.7,0.0,63,10.0,16.56,11.2
2025-02-07,26.2,16.0,21.0,0.0,54,10.4,17.69,10.2
2025-02-08,26.4,14.6,20.2,0.0,55,10.5,17.65,11.8
2025-02-09,26.2,14.5,20.3,0.0,59,10.6,17.6,11.7
2025-02-10,27.8,16.1,21.8,0.0,57,10.2,17.47,11.7
2025-02-11,28.1,17.3,22.4,0.1,73,13.3,11.74,10.8
2025-02-12,29.3,18.9,23.7,0.0,74,9.9,14.52,10.4
2025-02-13,30.3,20.1,24.4,0.0,71,13.0,14.5,10.2
2025-02-14,28.1,17.0,22.8,0.0,46,10.5,18.46,11.1
2025-02-15,28.9,15.8,22.6,0.0,47,12.6,18.23,13.1
2025-02-16,30.4,17.7,23.7,0.0,51,13.7,17.95,12.7
2025-02-17,31.0,18.7,24.6,0.0,62,12.9,16.98,12.3
2025-02-18,30.7,19.2,24.5,4.2,70,9.6,16.8,11.5
2025-02-19,30.9,19.2,25.1,0.0,63,7.8,16.5,11.7
2025-02-20,30.8,19.8,25.2,0.0,63,7.3,15.16,11.0
2025-02-21,31.4,20.3,25.7,0.0,60,10.8,17.63,11.1
2025-02-22,31.7,21.0,25.6,1.7,59,15.2,15.51,10.7
2025-02-23,29.6,20.3,24.1,1.6,62,11.1,16.6,9.3
2025-02-24,30.8,18.5,24.5,0.0,60,10.6,18.25,12.3
2025-02-25,30.8,18.7,24.8,0.0,53,14.8,17.16,12.1
2025-02-26,30.4,18.3,24.4,0.0,49,13.2,19.39,12.1
2025-02-27,30.9,19.2,25.2,0.0,50,13.9,19.23,11.7
2025-02-28,30.7,20.6,26.1,0.1,54,9.9,17.43,10.1
2025-03-01,33.2,21.5,26.6,0.1,61,16.4,18.62,11.7
2025-03-02,34.6,22.6,28.3,0.0,54,16.8,19.19,12.0
2025-03-03,34.4,22.9,28.4,0.0,46,15.9,18.14,11.5
2025-03-04,33.0,21.9,27.3,0.0,38,14.9,20.21,11.1
2025-03-05,32.0,22.2,26.9,0.0,40,14.9,20.13,9.8
2025-03-06,31.1,19.8,25.4,0.0,38,15.5,20.44,11.3
2025-03-07,30.4,18.1,24.6,0.0,43,14.3,20.8,12.3
2025-03-08,31.8,18.6,25.8,0.0,45,16.5,20.03,13.2
2025-03-09,33.7,20.8,27.2,0.0,51,10.6,18.98,12.9
2025-03-10,34.4,21.1,28.3,0.0,40,13.0,20.45,13.3
2025-03-11,34.9,22.6,28.9,0.0,43,19.3,19.11,12.3
2025-03-12,34.4,22.8,28.7,0.0,44,16.0,19.58,11.6
2025-03-13,36.6,22.7,29.2,0.0,58,18.5,19.59,13.9
2025-03-14,36.3,23.7,29.8,0.2,63,13.4,18.26,12.6
2025-03-15,36.7,24.7,30.2,0.0,65,15.3,18.57,12.0
2025-03-16,37.7,24.1,29.8,12.6,65,19.8,19.11,13.6
2025-03-17,36.2,24.0,29.2,1.2,61,12.6,17.22,12.2
2025-03-18,36.2,24.0,29.8,0.0,51,13.1,20.99,12.2
2025-03-19,36.1,23.8,30.2,0.0,42,14.5,21.46,12.3
2025-03-20,32.2,24.6,27.9,1.4,67,15.3,14.44,7.6
2025-03-21,30.3,24.0,26.5,1.6,59,13.3,16.52,6.3
2025-03-22,27.0,21.7,24.3,1.6,69,12.0,8.82,5.3
2025-03-23,33.5,19.5,26.5,0.0,53,8.7,20.75,14.0
2025-03-24,33.9,20.8,27.4,0.0,44,14.3,22.09,13.1
2025-03-25,34.3,22.4,28.4,0.0,43,11.3,22.32,11.9
2025-03-26,36.2,22.0,29.3,0.0,43,12.8,21.56,14.2
2025-03-27,37.0,23.9,30.6,0.0,46,14.8,20.53,13.1
2025-03-28,38.6,24.1,31.4,0.0,52,16.5,22.59,14.5
2025-03-29,39.0,24.9,31.3,0.0,51,15.9,22.75,14.1
2025-03-30,36.9,24.4,30.3,0.1,64,11.6,20.35,12.5
2025-03-31,37.1,25.1,31.0,0.0,60,13.9,21.15,12.0
2025-04-01,36.8,25.0,30.6,0.0,61,14.1,21.01,11.8
2025-04-02,37.1,24.6,30.5,0.0,59,13.3,20.2,12.5
2025-04-03,38.1,26.2,31.9,0.0,52,15.2,21.79,11.9
2025-04-04,37.7,26.5,31.6,0.3,50,14.9,19.16,11.2
2025-04-05,36.6,25.9,31.0,1.2,52,12.2,20.49,10.7
2025-04-06,36.5,24.3,29.8,0.7,59,17.0,18.86,12.2
2025-04-07,37.5,24.8,30.7,0.0,52,18.5,20.85,12.7
2025-04-08,36.1,25.5,30.6,0.7,59,12.3,21.07,10.6
2025-04-09,33.5,25.5,29.4,0.1,62,8.7,21.8,8.0
2025-04-10,35.4,23.4,28.6,11.8,63,12.4,20.71,12.0
2025-04-11,33.4,23.4,28.1,1.1,65,15.3,20.19,10.0
2025-04-12,35.5,23.5,29.5,0.1,65,9.5,20.56,12.0
2025-04-13,36.8,25.0,31.2,0.0,53,12.1,22.66,11.8
2025-04-14,37.3,25.9,31.8,0.0,47,10.7,20.72,11.4
2025-04-15,36.0,26.6,30.6,0.4,53,12.5,22.36,9.4
2025-04-16,35.0,25.3,28.8,1.9,64,10.9,19.91,9.7
2025-04-17,32.8,23.0,26.7,1.8,73,14.5,18.97,9.8
2025-04-18,30.4,22.3,25.1,4.6,85,16.2,17.93,8.1
2025-04-19,30.7,22.2,26.3,8.6,82,11.1,21.19,8.5
2025-04-20,30.4,24.0,27.0,2.6,84,11.3,17.87,6.4
2025-04-21,31.9,23.3,27.1,36.6,86,13.6,16.05,8.6
2025-04-22,34.6,25.6,29.3,5.5,80,21.5,21.15,9.0
2025-04-23,35.0,26.7,30.0,0.2,80,20.4,21.27,8.3
2025-04-24,34.9,26.3,30.0,0.3,79,20.5,22.2,8.6
2025-04-25,35.3,27.0,30.3,0.3,78,18.5,20.38,8.3
2025-04-26,34.7,26.5,30.2,0.1,75,18.4,23.11,8.2
2025-04-27,33.9,26.9,30.1,0.5,73,15.7,21.1,7.0
2025-04-28,28.6,23.0,26.1,23.5,86,19.6,11.36,5.6
2025-04-29,30.3,22.3,25.3,9.7,82,12.6,18.73,8.0
2025-04-30,30.8,22.5,26.0,1.3,79,17.1,20.92,8.3
2025-05-01,30.8,23.1,26.4,3.1,78,10.0,22.32,7.7
2025-05-02,31.7,21.8,26.5,0.2,77,12.1,22.73,9.9
2025-05-03,33.2,22.9,27.9,0.1,70,13.1,20.95,10.3
2025-05-04,34.2,24.3,28.6,0.5,69,14.9,21.6,9.9
2025-05-05,35.7,24.7,29.9,0.0,64,11.2,22.94,11.0
2025-05-06,35.4,25.9,29.2,2.7,68,16.8,17.52,9.5
2025-05-07,35.7,25.7,30.8,0.0,61,11.4,23.24,10.0
2025-05-08,38.2,26.9,32.3,0.1,59,12.2,22.09,11.3
2025-05-09,39.7,27.9,33.6,0.0,52,12.5,23.44,11.8
2025-05-10,38.9,29.1,33.6,0.0,51,16.5,22.83,9.8
2025-05-11,38.4,28.8,32.9,0.9,54,12.3,22.86,9.6
2025-05-12,35.8,26.6,30.1,10.2,69,14.1,21.96,9.2
2025-05-13,34.1,27.0,29.5,2.6,79,13.5,20.66,7.1
2025-05-14,34.7,27.2,29.6,14.7,79,14.6,18.0,7.5
2025-05-15,34.7,27.1,30.1,1.4,75,12.9,21.92,7.6
2025-05-16,33.0,27.1,29.7,2.2,78,12.4,19.41,5.9
2025-05-17,35.3,26.8,30.1,3.9,73,14.4,19.22,8.5
2025-05-18,31.3,25.4,27.4,6.0,85,18.8,13.57,5.9
2025-05-19,29.8,25.5,27.3,4.9,87,10.0,15.18,4.3
2025-05-20,31.9,25.4,27.2,15.1,87,16.6,15.73,6.5
2025-05-21,31.4,25.7,27.7,3.6,86,11.7,14.33,5.7
2025-05-22,30.5,24.9,27.7,2.2,86,11.8,12.48,5.6
2025-05-23,32.1,25.3,28.4,0.9,83,7.1,20.43,6.8
2025-05-24,31.8,25.1,28.1,6.4,84,9.0,19.25,6.7
2025-05-25,32.3,25.0,28.6,13.3,85,10.4,18.63,7.3
2025-05-26,32.1,25.6,28.2,15.9,86,9.1,15.2,6.5
2025-05-27,33.3,25.4,29.3,6.7,81,10.2,22.11,7.9
2025-05-28,31.1,26.6,28.4,13.4,83,18.5,15.16,4.5
2025-05-29,27.0,25.5,26.0,88.9,93,27.9,3.74,1.5
2025-05-30,29.6,25.3,26.9,20.8,90,26.8,8.23,4.3
2025-05-31,31.1,25.4,27.0,32.8,92,16.9,10.86,5.7
2025-06-01,31.4,26.0,28.0,16.2,90,14.6,13.29,5.4
2025-06-02,31.5,25.8,28.1,14.9,89,16.0,13.1,5.7
2025-06-03,32.0,25.1,28.0,2.1,88,14.7,17.12,6.9
2025-06-04,30.8,26.0,27.9,4.9,86,14.2,18.45,4.8
2025-06-05,31.3,25.0,27.3,5.1,88,12.7,18.19,6.3
2025-06-06,31.9,25.6,28.4,1.2,84,7.2,20.48,6.3
2025-06-07,33.0,25.8,29.2,1.2,83,6.3,22.5,7.2
2025-06-08,33.3,26.4,29.7,0.9,80,10.2,23.01,6.9
2025-06-09,33.6,26.5,30.2,0.2,78,6.9,23.27,7.1
2025-06-10,34.2,26.3,30.0,15.7,80,14.4,22.75,7.9
2025-06-11,34.3,26.0,30.0,0.9,79,8.5,23.16,8.3
2025-06-12,35.2,26.7,30.7,1.4,73,9.9,23.37,8.5
2025-06-13,36.0,27.3,31.8,0.3,68,10.1,23.51,8.7
2025-06-14,33.7,28.0,30.5,5.6,76,9.2,17.24,5.7
2025-06-15,31.9,26.5,29.0,10.3,83,11.4,17.74,5.4
2025-06-16,31.3,26.1,28.2,5.9,85,17.5,16.58,5.2
2025-06-17,29.9,25.4,27.6,12.8,87,21.5,15.88,4.5
2025-06-18,29.1,25.5,27.1,9.7,90,17.0,11.89,3.6
2025-06-19,32.5,26.1,28.6,0.7,80,20.7,22.99,6.4
2025-06-20,29.4,25.5,27.2,30.4,91,17.3,12.03,3.9
2025-06-21,31.6,25.0,28.0,23.7,88,10.6,16.57,6.6
2025-06-22,32.2,26.1,29.0,4.7,84,12.3,19.66,6.1
2025-06-23,31.2,26.4,28.7,1.6,84,13.5,19.85,4.8
2025-06-24,31.5,26.5,28.5,15.5,84,15.5,19.12,5.0
2025-06-25,31.3,26.1,28.3,7.4,85,21.5,16.65,5.2
2025-06-26,31.4,25.7,28.4,12.9,84,18.2,17.69,5.7
2025-06-27,31.4,25.5,28.3,7.9,83,15.5,21.35,5.9
2025-06-28,31.8,25.8,28.4,3.4,84,18.1,21.43,6.0
2025-06-29,32.2,25.9,28.7,3.0,82,17.5,21.73,6.3
2025-06-30,32.3,26.4,28.7,2.5,82,21.5,20.85,5.9
2025-07-01,31.1,26.0,28.3,4.9,85,17.3,18.58,5.1
2025-07-02,31.5,25.9,28.3,2.4,84,18.8,19.63,5.6
2025-07-03,31.2,26.1,28.3,11.3,84,17.9,20.43,5.1
2025-07-04,30.7,25.2,27.6,14.8,88,17.0,15.86,5.5
2025-07-05,30.5,25.1,27.3,15.6,89,15.2,15.14,5.4
2025-07-06,30.8,25.6,27.5,3.5,87,20.4,17.07,5.2
2025-07-07,29.4,25.2,26.8,10.4,90,21.6,14.28,4.2
2025-07-08,27.6,24.6,25.8,30.1,94,16.7,7.03,3.0
2025-07-09,27.7,24.8,25.7,44.9,95,20.1,5.61,2.9
2025-07-10,29.8,24.4,26.7,17.8,89,17.8,13.28,5.4
2025-07-11,31.7,25.2,28.2,1.6,84,17.2,19.4,6.5
2025-07-12,33.4,26.0,29.5,1.2,84,9.3,23.49,7.4
2025-07-13,33.1,26.7,28.9,6.1,88,12.5,16.73,6.4
2025-07-14,29.9,25.7,27.0,11.3,89,21.4,13.22,4.2
2025-07-15,30.8,24.8,27.6,25.4,88,16.8,15.6,6.0
2025-07-16,32.5,26.2,28.5,2.3,86,13.8,22.49,6.3
2025-07-17,32.0,26.2,28.4,4.9,87,8.5,16.77,5.8
2025-07-18,32.2,26.2,28.5,10.7,87,12.7,21.23,6.0
2025-07-19,32.7,26.4,29.4,0.6,83,10.1,20.65,6.3
2025-07-20,31.9,26.8,29.1,1.5,83,8.6,14.38,5.1
2025-07-21,33.3,26.8,29.8,1.3,84,6.7,22.18,6.5
2025-07-22,33.3,27.1,30.1,3.0,82,8.3,22.22,6.2
2025-07-23,35.1,26.5,30.9,3.8,78,11.3,24.08,8.6
2025-07-24,33.4,26.3,29.3,10.2,84,13.2,18.54,7.1
2025-07-25,31.7,26.6,28.6,5.7,82,29.5,20.61,5.1
2025-07-26,31.0,25.9,28.0,8.1,86,17.1,16.49,5.1
2025-07-27,31.9,26.2,28.0,14.4,89,12.6,14.52,5.7
2025-07-28,31.3,25.2,27.4,18.8,90,13.3,14.54,6.1
2025-07-29,30.7,25.2,27.6,22.5,88,14.7,16.6,5.5
2025-07-30,30.6,26.0,27.9,6.3,87,18.6,20.46,4.6
2025-07-31,30.4,25.0,27.2,9.3,88,17.2,15.8,5.4
2025-08-01,31.7,25.2,28.1,11.7,87,15.0,19.45,6.5
2025-08-02,31.4,24.8,28.0,27.3,88,13.8,13.58,6.6
2025-08-03,32.5,26.2,28.6,7.6,85,18.2,21.87,6.3
2025-08-04,29.7,25.8,27.5,11.7,91,14.5,11.35,3.9
2025-08-05,32.1,25.0,27.1,22.1,90,12.8,14.16,7.1
2025-08-06,31.8,24.6,28.1,5.4,85,12.2,19.72,7.2
2025-08-07,31.4,25.5,28.0,3.2,86,13.4,16.7,5.9
2025-08-08,28.3,25.4,26.6,10.1,88,14.4,9.4,2.9
2025-08-09,30.6,25.2,27.8,5.1,85,14.9,18.93,5.4
2025-08-10,32.7,26.2,29.2,1.3,80,13.6,22.87,6.5
2025-08-11,33.6,26.4,29.8,0.0,77,10.7,23.8,7.2
2025-08-12,33.8,26.6,29.7,2.0,79,10.7,21.08,7.2
2025-08-13,30.9,26.3,27.6,16.1,89,11.4,12.03,4.6
2025-08-14,30.7,25.2,27.7,5.3,87,12.5,16.38,5.5
2025-08-15,32.3,25.6,28.5,7.2,86,11.2,21.87,6.7
2025-08-16,32.9,26.2,29.4,0.3,81,8.4,19.76,6.7
2025-08-17,31.9,26.1,28.8,9.9,85,9.6,15.22,5.8
2025-08-18,32.6,26.5,29.3,0.4,78,16.0,21.83,6.1
2025-08-19,31.7,25.9,28.3,8.3,82,20.7,19.5,5.8
2025-08-20,29.7,25.5,27.5,7.6,85,19.5,15.85,4.2
2025-08-21,29.9,24.9,27.3,6.4,86,19.6,17.55,5.0
2025-08-22,30.2,24.5,27.0,6.8,88,19.9,16.43,5.7
2025-08-23,30.1,25.1,27.1,7.2,87,21.1,18.38,5.0
2025-08-24,31.2,24.7,27.7,3.1,85,15.2,17.45,6.5
2025-08-25,32.8,25.2,28.8,1.0,80,9.2,21.32,7.6
2025-08-26,33.5,25.9,29.6,1.4,79,12.1,22.17,7.6
2025-08-27,33.5,26.3,29.6,1.9,76,14.7,20.86,7.2
2025-08-28,31.8,25.3,28.5,4.5,80,16.5,19.3,6.5
2025-08-29,31.8,25.9,28.0,22.9,85,15.1,17.05,5.9
2025-08-30,31.9,25.7,28.2,7.2,86,12.3,18.25,6.2
2025-08-31,33.6,26.0,29.5,1.1,81,5.8,18.82,7.6
2025-09-01,37.5,26.6,32.1,0.0,70,13.2,23.21,10.9
2025-09-02,34.1,26.9,30.5,2.2,70,18.6,21.75,7.2
2025-09-03,35.1,27.4,30.5,2.3,69,18.9,19.97,7.7
2025-09-04,32.2,25.6,28.7,8.4,81,15.7,17.78,6.6
2025-09-05,34.6,26.1,30.1,0.9,75,12.9,21.43,8.5
2025-09-06,36.8,26.9,31.9,0.2,65,10.2,21.79,9.9
2025-09-07,34.0,27.7,30.1,2.2,73,11.1,13.81,6.3
2025-09-08,35.9,27.4,30.4,10.7,73,8.5,18.6,8.5
2025-09-09,35.7,28.0,31.4,0.6,69,11.2,17.08,7.7
2025-09-10,35.0,26.0,30.5,8.8,72,12.8,18.12,9.0
2025-09-11,33.0,26.8,29.3,3.4,82,10.8,14.58,6.2
2025-09-12,31.3,25.5,28.0,9.8,87,10.4,14.04,5.8
2025-09-13,32.2,25.7,28.2,3.9,87,15.7,12.52,6.5
2025-09-14,28.2,25.5,27.0,13.7,92,9.7,6.87,2.7
2025-09-15,29.5,24.3,26.5,4.8,90,12.7,11.88,5.2
2025-09-16,30.2,25.1,26.6,6.7,90,13.9,12.74,5.1
2025-09-17,31.4,25.3,27.6,10.2,87,8.6,16.6,6.1
2025-09-18,31.4,26.0,27.9,9.2,87,8.6,14.96,5.4
2025-09-19,31.6,25.5,28.4,7.8,87,7.8,18.73,6.1
2025-09-20,32.3,25.8,28.6,4.2,87,7.4,17.33,6.5
2025-09-21,33.7,25.9,29.6,6.2,84,7.9,19.34,7.8
2025-09-22,30.2,25.7,27.5,18.6,88,11.9,12.04,4.5
2025-09-23,31.7,25.6,28.4,1.6,83,13.4,19.57,6.1
2025-09-24,33.1,25.7,28.6,13.9,85,10.2,19.71,7.4
2025-09-25,33.6,24.7,29.1,3.4,82,9.6,17.95,8.9
2025-09-26,33.7,26.6,29.6,5.0,81,13.3,18.38,7.1
2025-09-27,32.7,26.5,28.8,4.5,83,13.1,16.76,6.2
2025-09-28,33.9,26.3,29.7,0.8,79,7.4,17.47,7.6
2025-09-29,35.2,26.9,31.0,1.1,71,8.1,18.81,8.3
2025-09-30,34.9,27.6,30.2,9.9,77,8.9,17.96,7.3
2025-10-01,30.6,25.0,26.5,23.2,89,11.0,10.97,5.6
2025-10-02,28.6,24.5,26.2,37.3,91,17.7,7.14,4.1
2025-10-03,30.9,25.3,26.8,19.4,90,13.0,10.96,5.6
2025-10-04,31.9,25.3,27.6,4.4,86,14.7,17.79,6.6
2025-10-05,31.4,25.0,27.1,21.3,89,12.4,15.29,6.4
2025-10-06,31.1,25.1,26.6,13.9,90,11.2,14.56,6.0
2025-10-07,30.7,24.7,26.3,19.5,91,7.1,10.43,6.0
2025-10-08,31.1,24.1,27.3,4.3,86,6.7,18.14,7.0
2025-10-09,30.6,25.1,27.3,4.8,88,5.4,14.28,5.5
2025-10-10,31.3,25.2,27.2,17.1,88,7.1,17.36,6.1
2025-10-11,30.2,24.6,26.5,10.3,90,7.1,14.91,5.6
2025-10-12,30.8,24.2,27.1,0.3,82,8.7,18.42,6.6
2025-10-13,31.4,23.9,27.4,0.0,78,7.4,19.47,7.5
2025-10-14,31.8,23.8,27.6,0.0,77,9.1,19.21,8.0
2025-10-15,32.1,24.3,27.8,0.0,78,8.4,18.6,7.8
2025-10-16,32.3,24.6,28.3,0.0,76,6.6,18.43,7.7
2025-10-17,32.6,24.8,28.5,1.4,79,7.0,17.94,7.8
2025-10-18,33.8,24.8,29.0,1.6,74,8.0,18.71,9.0
2025-10-19,34.0,25.3,29.3,0.0,70,10.1,18.48,8.7
2025-10-20,34.5,25.0,29.2,0.0,69,9.6,18.44,9.5
2025-10-21,34.1,24.1,29.0,0.0,68,8.9,18.39,10.0
2025-10-22,34.1,24.6,29.3,0.0,69,6.5,18.3,9.5
2025-10-23,34.1,24.9,29.2,0.0,69,7.1,17.77,9.2
2025-10-24,33.5,25.5,29.5,0.0,65,10.7,17.41,8.0
2025-10-25,34.1,24.6,29.5,0.0,64,8.1,18.36,9.5
2025-10-26,33.8,25.4,29.7,0.0,64,7.7,17.44,8.4
2025-10-27,34.7,25.6,30.1,0.0,59,7.7,17.73,9.1
2025-10-28,34.4,25.7,29.6,1.0,67,8.8,16.66,8.7
2025-10-29,33.4,25.8,28.9,3.7,73,9.9,13.37,7.6
2025-10-30,32.3,24.7,27.6,1.4,81,8.1,14.52,7.6
2025-10-31,33.3,25.3,28.9,0.3,76,7.5,16.37,8.0
2025-11-01,32.0,25.3,27.9,2.3,79,11.1,11.14,6.7
2025-11-02,30.3,24.5,26.7,5.0,82,12.3,14.74,5.8
2025-11-03,29.9,23.1,26.2,0.1,78,11.7,15.57,6.8
2025-11-04,31.6,22.4,26.8,0.2,75,10.4,16.54,9.2
2025-11-05,30.3,24.9,26.7,2.3,84,10.3,12.59,5.4
2025-11-06,30.6,23.7,26.7,2.4,82,10.3,15.36,6.9
2025-11-07,31.7,23.6,27.1,0.1,76,11.4,16.12,8.1
2025-11-08,31.8,23.0,26.6,0.0,66,12.6,17.31,8.8
2025-11-09,30.8,21.4,25.8,0.0,67,10.9,17.03,9.4
2025-11-10,31.0,23.1,26.3,0.0,66,10.7,16.25,7.9
2025-11-11,30.2,20.7,25.0,0.0,60,10.2,16.82,9.5
2025-11-12,29.9,19.5,24.2,0.0,58,9.3,16.97,10.4
2025-11-13,29.7,19.2,24.4,0.0,59,8.8,16.66,10.5
2025-11-14,29.6,19.5,24.3,0.0,58,9.3,16.62,10.1
2025-11-15,29.2,19.3,24.2,0.0,60,8.0,16.32,9.9
2025-11-16,29.4,19.2,24.4,0.0,61,9.2,16.17,10.2
2025-11-17,30.3,19.0,24.7,0.0,60,8.1,16.32,11.3
2025-11-18,31.2,19.6,25.4,0.0,58,9.2,15.98,11.6
2025-11-19,30.9,20.3,25.6,0.0,55,9.0,15.83,10.6
2025-11-20,30.3,20.7,25.2,0.0,53,10.3,15.79,9.6
2025-11-21,29.4,19.5,24.5,0.0,55,8.5,15.33,9.9
2025-11-22,29.2,19.2,24.1,0.0,62,9.3,15.27,10.0
2025-11-23,29.1,19.2,23.9,0.0,59,9.2,15.19,9.9
2025-11-24,28.9,18.2,23.4,0.0,58,9.9,15.64,10.7
2025-11-25,28.9,18.1,23.1,0.0,68,9.3,15.27,10.8
2025-11-26,28.8,18.8,23.6,0.0,61,8.7,15.32,10.0
2025-11-27,29.9,18.4,23.9,0.0,60,8.2,15.37,11.5
2025-11-28,30.2,17.9,23.8,0.0,56,7.9,15.26,12.3
2025-11-29,29.3,18.0,23.4,0.0,55,6.0,15.11,11.3
2025-11-30,29.6,18.8,23.7,0.0,53,10.1,14.35,10.8
2025-12-01,28.8,18.6,23.7,0.0,58,8.9,13.77,10.2
2025-12-02,27.9,19.2,23.4,0.0,57,10.3,13.89,8.7
2025-12-03,27.7,17.4,22.0,0.0,54,11.2,14.36,10.3
2025-12-04,27.8,16.8,22.0,0.0,65,9.3,14.69,11.0
2025-12-05,28.5,17.4,22.3,0.0,68,10.1,14.79,11.1
2025-12-06,27.1,16.7,21.5,0.0,61,10.2,14.78,10.4
2025-12-07,27.2,16.5,21.5,0.0,63,8.9,14.52,10.7
2025-12-08,27.2,17.0,21.8,0.0,65,8.4,13.94,10.2
2025-12-09,27.0,17.1,21.8,0.0,66,8.0,13.95,9.9
2025-12-10,27.7,16.6,21.8,0.0,64,9.3,14.36,11.1
2025-12-11,27.4,16.0,21.4,0.0,61,7.6,14.58,11.4
2025-12-12,27.6,16.0,21.6,0.0,58,6.6,14.43,11.6
2025-12-13,28.7,16.6,22.5,0.0,58,7.8,14.35,12.1
2025-12-14,28.9,16.9,22.7,0.0,59,8.2,14.16,12.0
2025-12-15,28.0,17.0,22.4,0.0,58,8.9,14.14,11.0
2025-12-16,27.0,17.0,21.9,0.0,62,9.2,13.72,10.0
2025-12-17,28.3,16.8,22.2,0.0,59,10.6,13.65,11.5
2025-12-18,29.2,17.0,22.9,0.0,61,9.4,13.95,12.2
2025-12-19,28.5,17.5,23.0,0.0,61,9.1,13.46,11.0
2025-12-20,26.1,19.1,22.7,0.0,61,10.7,10.9,7.0
2025-12-21,26.2,17.3,21.7,0.0,63,10.0,11.28,8.9
2025-12-22,27.5,16.3,21.8,0.0,64,10.4,13.11,11.2
2025-12-23,26.2,15.9,20.8,0.0,66,11.6,13.37,10.3
2025-12-24,25.2,15.4,19.8,0.0,68,10.5,13.53,9.8
2025-12-25,23.8,13.5,18.6,0.0,69,9.6,13.73,10.3
2025-12-26,24.3,13.4,18.6,0.0,67,7.9,13.83,10.9
2025-12-27,24.5,13.8,19.0,0.0,68,8.0,13.64,10.7
2025-12-28,23.9,14.1,18.5,0.0,73,9.3,12.54,9.8
2025-12-29,22.4,13.8,17.5,0.0,75,9.3,12.86,8.6
2025-12-30,20.2,12.7,15.8,0.0,76,10.0,11.85,7.5
2025-12-31,21.4,11.7,16.3,0.0,72,9.1,13.41,9.7
2026-01-01,23.6,12.4,17.6,0.0,74,7.5,13.9,11.2
2026-01-02,23.6,12.7,18.0,0.0,72,10.0,12.78,10.9
2026-01-03,23.1,12.3,17.4,0.0,72,9.2,13.19,10.8
2026-01-04,23.1,11.6,16.8,0.0,74,12.2,12.75,11.5
2026-01-05,21.0,12.2,15.8,0.0,76,10.5,12.69,8.8
2026-01-06,21.7,12.1,16.4,0.0,73,10.6,13.14,9.6
2026-01-07,23.4,11.8,17.3,0.0,73,10.7,14.08,11.6
2026-01-08,24.6,11.9,17.9,0.0,67,12.1,14.35,12.7
2026-01-09,26.3,12.7,19.0,0.0,68,11.4,13.42,13.6
2026-01-10,25.3,13.5,18.9,0.0,68,14.2,13.69,11.8
2026-01-11,25.8,14.8,19.7,0.0,66,13.1,13.23,11.0
2026-01-12,26.4,13.9,20.0,0.0,63,10.4,14.33,12.5
2026-01-13,26.7,14.7,20.3,0.0,64,12.0,14.23,12.0
2026-01-14,26.9,14.7,20.4,0.0,62,11.4,13.46,12.2
2026-01-15,26.0,15.3,20.4,0.0,63,11.1,12.65,10.7
2026-01-16,26.6,15.2,20.6,0.0,59,11.3,14.28,11.4
2026-01-17,27.5,15.6,21.4,0.0,59,10.2,14.5,11.9
2026-01-18,27.7,15.9,21.6,0.0,60,9.7,14.48,11.8
2026-01-19,27.8,16.4,21.7,0.0,60,9.5,14.77,11.4
2026-01-20,28.6,15.9,21.9,0.0,58,12.2,14.96,12.7
2026-01-21,28.3,16.1,22.1,0.0,58,11.0,14.67,12.2
2026-01-22,27.3,16.2,21.4,0.0,53,12.8,15.14,11.1
2026-01-23,27.7,15.4,21.2,0.0,51,9.1,15.45,12.3
2026-01-24,27.5,15.4,21.2,0.0,52,9.6,15.44,12.1
2026-01-25,27.8,16.0,21.6,0.0,59,11.1,14.72,11.8
2026-01-26,27.8,16.1,21.6,0.0,58,14.4,15.48,11.7
2026-01-27,27.8,15.5,21.3,0.0,60,9.9,15.71,12.3
2026-01-28,28.5,16.0,22.0,0.0,61,10.3,15.76,12.5
2026-01-29,28.9,16.7,22.5,0.0,62,10.3,15.31,12.2
2026-01-30,27.2,16.8,21.7,0.0,59,10.2,15.8,10.4
2026-01-31,27.4,15.8,21.2,0.0,59,10.2,16.17,11.6
2026-02-01,27.4,15.9,21.3,0.0,64,9.7,15.44,11.5
2026-02-02,28.3,16.9,22.1,0.0,63,9.8,15.29,11.4
2026-02-03,29.7,16.9,22.9,0.0,59,10.3,16.48,12.8
2026-02-04,28.7,18.0,23.1,0.0,60,9.7,14.91,10.7
2026-02-05,28.3,16.5,22.1,0.0,52,13.3,17.07,11.8
2026-02-06,26.9,14.8,20.7,0.0,51,10.8,17.33,12.1
2026-02-07,26.4,14.6,20.3,0.0,56,8.8,17.31,11.8
2026-02-08,27.2,15.1,21.0,0.0,55,10.5,17.42,12.1
2026-02-09,28.1,15.6,21.7,0.0,51,10.3,17.66,12.5
2026-02-10,28.8,16.7,22.5,0.0,55,9.0,17.37,12.1
2026-02-11,30.2,17.6,23.5,0.0,53,11.0,17.41,12.6
2026-02-12,29.3,16.9,23.0,0.0,48,10.4,17.96,12.4
2026-02-13,29.7,16.5,23.0,0.0,51,11.0,18.0,13.2
2026-02-14,29.5,17.9,23.0,0.0,47,12.3,18.31,11.6
2026-02-15,29.2,16.7,22.7,0.0,49,10.0,18.41,12.5
2026-02-16,29.6,17.2,23.3,0.0,52,9.9,18.41,12.4
2026-02-17,31.7,17.8,24.4,0.0,49,9.7,18.63,13.9
2026-02-18,32.7,18.6,25.3,0.0,46,10.6,18.82,14.1
2026-02-19,32.6,19.5,26.1,0.0,44,8.2,18.69,13.1
2026-02-20,32.5,20.6,26.4,0.0,46,10.5,18.23,11.9
2026-02-21,32.5,20.2,26.3,0.0,47,11.2,18.28,12.3
2026-02-22,31.0,20.6,25.8,0.0,49,13.1,17.42,10.4
2026-02-23,31.7,20.5,26.3,0.0,48,11.1,17.36,11.2
2026-02-24,29.2,21.1,25.0,0.0,58,8.4,9.66,8.1
2026-02-25,30.6,20.7,25.7,0.0,54,11.0,17.41,9.9
2026-02-26,30.9,19.9,25.4,0.0,48,14.8,18.08,11.0
2026-02-27,30.9,20.3,25.2,0.0,45,14.8,19.36,10.6
2026-02-28,31.3,18.9,25.5,0.0,43,12.8,19.86,12.4
2026-03-01,32.2,19.9,26.1,0.0,55,13.8,17.84,12.3
2026-03-02,30.1,22.7,26.0,0.4,69,10.5,16.61,7.4
2026-03-03,32.3,21.2,25.9,0.0,62,10.1,17.11,11.1
2026-03-04,32.1,19.9,26.1,0.0,47,13.1,19.59,12.2
2026-03-05,33.5,20.2,27.1,0.0,47,8.5,19.81,13.3
2026-03-06,34.0,22.1,27.9,0.0,47,13.1,20.01,11.9
2026-03-07,32.4,21.1,27.1,0.0,54,10.6,19.28,11.3
2026-03-08,30.2,22.1,26.5,1.0,65,9.1,16.87,8.1
2026-03-09,31.5,22.3,26.4,0.4,70,8.9,16.71,9.2
2026-03-10,32.6,23.2,27.9,0.7,61,8.5,17.71,9.4
2026-03-11,33.0,24.0,27.8,1.0,67,8.4,17.65,9.0
2026-03-12,32.6,23.4,27.1,0.2,70,11.0,15.79,9.2
2026-03-13,32.8,22.0,25.6,2.4,78,16.5,13.83,10.8
2026-03-14,32.2,19.6,26.9,7.0,73,18.4,14.76,12.6
2026-03-15,29.4,19.7,24.6,17.6,80,23.9,11.24,9.7
2026-03-16,32.0,21.5,25.9,1.6,71,19.4,18.35,10.5
2026-03-17,31.7,22.0,26.2,6.2,70,18.6,19.55,9.7
2026-03-18,31.1,21.5,24.3,16.3,82,21.1,14.41,9.6
2026-03-19,30.9,20.3,25.2,0.0,71,11.0,19.51,10.6
2026-03-20,28.7,19.9,24.1,0.4,76,13.3,10.21,8.8
2026-03-21,25.3,18.9,21.8,19.6,78,9.0,8.14,6.4
2026-03-22,27.2,18.7,22.8,0.3,69,12.3,20.01,8.5
2026-03-23,29.0,19.9,24.6,0.2,61,10.5,18.91,9.1
2026-03-24,31.3,21.2,26.5,0.2,60,12.5,19.56,10.1
2026-03-25,32.3,21.6,26.6,6.6,69,12.2,16.86,10.7
2026-03-26,34.6,22.0,28.5,0.0,58,12.3,20.52,12.6
2026-03-27,34.4,23.9,29.4,0.2,55,12.7,19.75,10.5
2026-03-28,29.3,24.3,26.5,0.6,66,15.2,16.43,5.0
2026-03-29,32.8,22.5,26.5,3.0,72,11.8,19.33,10.3
2026-03-30,32.1,21.8,26.4,15.1,80,12.7,19.69,10.3
2026-03-31,30.6,23.1,25.8,1.8,83,10.9,14.2,7.5
2026-04-01,32.3,23.6,27.5,3.2,78,12.3,19.09,8.7
2026-04-02,34.0,24.3,28.6,2.6,75,20.1,20.57,9.7
2026-04-03,36.6,25.3,30.2,0.0,70,15.0,21.16,11.3
2026-04-04,36.3,25.9,30.6,0.0,68,13.5,20.12,10.4
2026-04-05,34.9,25.6,29.0,1.4,65,24.6,17.35,9.3
2026-04-06,34.1,23.3,28.4,0.8,59,11.2,22.14,10.8
2026-04-07,33.7,23.4,27.9,2.0,60,21.3,21.85,10.3
2026-04-08,32.6,21.8,27.0,1.3,61,16.2,21.54,10.8
2026-04-09,28.0,22.1,24.0,8.4,85,10.0,10.52,5.9
2026-04-10,29.4,21.2,24.9,0.5,77,13.0,19.41,8.2
2026-04-11,31.8,22.1,26.7,0.1,69,14.3,22.02,9.7
2026-04-12,34.6,23.8,28.3,0.0,67,14.9,22.07,10.8
2026-04-13,36.1,24.5,29.6,1.3,70,16.7,21.92,11.6
2026-04-14,34.5,25.1,29.3,1.2,73,14.1,20.53,9.4
2026-04-15,36.1,26.3,30.2,1.9,69,15.9,21.62,9.8
2026-04-16,32.3,24.6,28.9,2.9,75,11.7,16.24,7.7
2026-04-17,32.7,24.2,28.5,0.6,79,11.3,21.29,8.5
2026-04-18,33.6,26.0,29.3,0.8,76,9.7,21.48,7.6
2026-04-19,33.8,23.5,28.8,5.7,77,14.7,19.75,10.3
2026-04-20,36.2,26.9,30.7,0.7,73,21.0,20.51,9.3
2026-04-21,37.3,26.7,31.0,0.7,71,20.0,20.11,10.6
2026-04-22,37.2,25.7,30.3,1.6,71,16.9,21.83,11.5
2026-04-23,36.5,25.8,30.9,0.2,69,12.4,22.9,10.7
2026-04-24,36.4,26.8,31.5,0.0,68,10.6,23.14,9.6
2026-04-25,36.7,26.7,31.8,0.1,65,13.0,23.44,10.0
2026-04-26,33.1,24.7,28.3,0.9,77,15.0,18.43,8.4
2026-04-27,29.9,22.4,25.6,35.3,85,26.2,12.64,7.5
2026-04-28,26.6,23.1,25.0,12.6,89,15.1,8.14,3.5
2026-04-29,25.0,22.0,23.6,5.4,88,19.3,6.56,3.0
2026-04-30,28.3,20.7,24.5,20.9,83,14.1,18.99,7.6
2026-05-01,27.1,22.1,24.4,25.4,84,13.7,13.04,5.0
2026-05-02,29.8,21.3,24.9,8.3,82,12.0,17.91,8.5
2026-05-03,29.3,22.3,25.3,1.6,86,13.0,17.91,7.0
2026-05-04,30.0,22.2,25.6,7.0,85,12.1,17.78,7.8
2026-05-05,30.8,21.6,26.3,7.9,84,17.5,18.1,9.2
2026-05-06,31.1,23.1,26.6,8.0,82,9.9,16.81,8.0
2026-05-07,30.5,22.3,26.1,0.5,82,11.2,21.16,8.2
2026-05-08,32.1,23.0,27.6,0.0,73,7.0,23.37,9.1
2026-05-09,32.9,24.5,28.4,0.0,69,7.9,22.67,8.4
2026-05-10,29.5,22.9,26.0,10.5,79,15.0,17.33,6.6
2026-05-11,30.8,21.6,25.2,13.3,82,10.3,20.0,9.2
2026-05-12,31.6,22.6,27.5,0.4,76,9.6,23.28,9.0
2026-05-13,32.1,25.4,28.2,5.7,76,9.8,20.66,6.7
2026-05-14,32.1,24.5,27.6,2.5,81,13.7,21.53,7.6
2026-05-15,32.7,26.1,29.2,0.5,78,13.5,21.74,6.6
2026-05-16,33.4,25.2,28.9,3.3,82,13.9,20.35,8.2
2026-05-17,33.3,24.9,29.3,0.2,76,16.2,20.03,8.4
2026-05-18,33.1,24.7,29.1,2.5,79,17.0,19.11,8.4
2026-05-19,33.3,26.0,29.4,0.9,80,12.6,21.34,7.3
2026-05-20,33.9,26.4,30.1,1.7,80,9.9,22.69,7.5
2026-05-21,32.1,27.6,29.7,2.9,83,12.2,12.94,4.5
2026-05-22,33.2,27.3,30.0,3.1,81,9.7,20.21,5.9
2026-05-23,35.2,27.3,30.7,2.8,78,17.1,22.4,7.9
2026-05-24,34.7,28.0,30.2,4.0,78,18.5,22.01,6.7
2026-05-25,33.8,24.8,28.6,5.0,81,24.0,19.87,9.0
2026-05-26,29.9,24.2,26.2,6.2,86,15.3,16.89,5.7
2026-05-27,28.7,23.4,25.0,38.4,87,18.0,12.11,5.3
2026-05-28,31.5,23.9,27.4,0.3,81,13.2,21.67,7.6
2026-05-29,32.0,25.1,27.6,2.7,80,16.0,22.96,6.9
2026-05-30,32.6,24.5,28.6,0.0,72,7.8,25.01,8.1
2026-05-31,34.3,25.8,30.4,0.0,67,6.4,24.92,8.5
2026-06-01,34.4,26.8,30.6,0.8,72,9.4,23.85,7.6
2026-06-02,34.5,26.9,30.9,0.1,72,10.2,24.06,7.6
2026-06-03,36.1,27.5,32.0,0.0,66,10.5,24.3,8.6
2026-06-04,36.0,28.2,32.1,2.3,68,12.1,23.14,7.8
2026-06-05,32.0,25.7,29.1,10.5,82,9.5,15.66,6.3
2026-06-06,33.8,26.1,29.6,0.7,79,9.7,23.11,7.7
2026-06-07,34.1,26.6,29.1,3.0,81,18.8,23.05,7.5
2026-06-08,33.0,24.9,29.2,0.3,80,12.1,22.03,8.1
2026-06-09,33.8,25.6,28.5,6.2,82,13.5,18.49,8.2
2026-06-10,31.0,26.3,27.9,3.0,84,14.6,15.58,4.7
2026-06-11,34.0,26.2,29.4,1.7,77,13.5,22.51,7.8
2026-06-12,34.0,26.2,29.4,3.0,75,9.5,19.36,7.8
2026-06-13,33.6,26.3,29.1,5.6,78,11.9,21.08,7.3
2026-06-14,32.2,26.6,28.9,8.1,82,14.1,18.3,5.6
2026-06-15,33.0,26.6,29.5,6.1,78,13.0,18.27,6.4
2026-06-16,33.0,25.1,29.1,1.8,80,10.6,18.11,7.9
2026-06-17,32.9,26.9,29.7,0.2,77,10.9,20.88,6.0
2026-06-18,33.5,26.4,29.2,4.8,79,13.4,20.21,7.1
2026-06-19,31.5,25.6,28.3,0.8,83,10.5,14.08,5.9
2026-06-20,35.6,26.4,30.1,1.9,76,16.2,23.79,9.2
2026-06-21,36.0,27.0,29.5,9.8,79,14.8,18.63,9.0
2026-06-22,32.5,26.2,29.0,2.6,78,12.8,16.29,6.3
2026-06-23,33.8,26.2,29.7,6.3,78,13.5,20.4,7.6
2026-06-24,32.5,26.0,29.4,2.8,79,12.7,14.48,6.5
2026-06-25,34.1,26.2,29.6,3.7,79,13.0,21.51,7.9
2026-06-26,33.5,26.2,29.8,0.5,78,9.9,22.55,7.3
2026-06-27,35.0,27.1,30.9,0.9,72,14.9,24.71,7.9
2026-06-28,34.8,27.6,30.5,3.1,75,16.9,21.97,7.2
2026-06-29,33.4,26.2,29.8,4.4,77,12.9,18.19,7.2
2026-06-30,34.4,27.7,29.6,11.7,78,10.3,18.02,6.7
2026-07-01,31.9,26.7,29.1,8.6,82,10.2,20.58,5.2
2026-07-02,32.9,26.7,29.8,3.4,79,11.8,22.11,6.2
2026-07-03,34.7,26.4,30.9,2.4,73,15.0,24.06,8.3
2026-07-04,36.6,26.6,31.9,4.2,67,16.0,23.4,10.0
2026-07-05,32.6,26.2,28.7,16.7,81,28.9,17.53,6.4
2026-07-06,31.5,25.6,28.0,16.5,86,20.0,17.56,5.9
2026-07-07,30.9,25.2,27.5,15.6,90,14.6,13.78,5.7
2026-07-08,29.9,25.9,27.4,45.3,93,17.4,9.63,4.0
2026-07-09,30.5,25.7,27.3,22.0,92,17.7,11.97,4.8
2026-07-10,30.3,25.7,27.3,43.0,92,18.3,12.24,4.6
2026-07-11,30.5,26.2,27.7,27.0,89,14.3,14.59,4.3
2026-07-12,31.1,25.4,28.1,49.0,88,11.9,16.83,5.7
2026-07-13,29.4,26.2,27.5,19.0,92,11.8,10.61,3.2
2026-07-14,32.7,26.5,29.4,2.7,81,9.4,24.19,6.2
2026-07-15,32.8,27.2,29.3,6.8,81,13.8,20.38,5.6
2026-07-16,32.3,27.0,29.2,2.1,79,19.4,22.2,5.3
2026-07-17,30.5,26.5,28.6,3.6,83,19.9,17.95,4.0
2026-07-18,32.3,26.8,29.2,4.6,79,17.9,22.38,5.5
2026-07-19,30.7,26.5,27.9,13.3,87,16.9,15.11,4.2
2026-07-20,28.4,25.4,26.5,30.3,93,12.8,7.66,3.0
2026-07-21,30.5,25.3,27.3,12.1,88,15.3,17.01,5.2
2026-07-22,29.7,24.7,27.2,16.0,87,17.9,16.76,5.0
2026-07-23,29.9,24.6,27.0,17.9,88,14.8,16.78,5.3
2026-07-24,30.7,25.2,27.7,4.5,84,13.8,22.09,5.5
2026-07-25,31.9,25.6,28.7,2.3,78,14.0,22.38,6.3
2026-07-26,33.2,26.2,29.2,1.1,77,16.1,24.86,7.0
2026-07-27,31.8,25.3,28.5,8.6,81,20.6,20.66,6.5
2026-07-28,31.2,26.0,28.3,6.8,83,19.5,19.49,5.2
2026-07-29,30.9,25.7,28.1,10.7,85,17.3,18.13,5.2
2026-07-30,30.1,25.2,27.0,20.1,91,15.3,12.83,4.9
2026-07-31,32.4,26.4,28.7,3.4,83,11.5,22.72,6.0
2026-08-01,31.7,26.5,28.6,11.4,85,13.3,19.28,5.2
2026-08-02,31.4,26.4,28.2,21.4,89,11.7,15.85,5.0
2026-08-03,31.8,25.6,28.3,21.4,88,10.6,20.38,6.2
2026-08-04,31.4,26.2,28.4,8.3,88,12.7,16.42,5.2
2026-08-05,30.3,26.1,27.3,15.9,92,10.6,10.75,4.2
2026-08-06,30.1,25.7,27.1,12.0,91,15.1,10.8,4.4
2026-08-07,30.9,25.2,27.6,9.2,86,16.7,21.95,5.7
2026-08-08,30.3,25.4,28.0,11.9,87,13.8,18.43,4.9
2026-08-09,31.6,26.1,28.6,2.5,85,10.1,20.87,5.5
2026-08-10,33.2,26.4,29.3,9.8,81,9.1,24.2,6.8
2026-08-11,33.2,24.8,29.1,14.4,81,9.2,21.03,8.4
2026-08-12,33.7,26.2,29.7,18.1,80,18.1,22.24,7.5
2026-08-13,31.3,26.7,28.6,5.3,82,19.5,20.79,4.6
2026-08-14,32.7,26.4,29.2,2.6,82,14.8,23.36,6.3
2026-08-15,32.6,26.6,29.4,1.3,79,17.4,23.47,6.0
2026-08-16,30.9,26.1,28.1,7.0,84,18.2,18.8,4.8
2026-08-17,30.3,25.6,27.3,14.6,90,20.5,13.68,4.7
2026-08-18,31.6,25.0,28.3,3.5,83,19.8,20.9,6.6
2026-08-19,32.1,26.4,29.2,1.9,82,12.3,22.56,5.7
2026-08-20,33.1,26.3,29.8,2.1,80,9.0,21.75,6.8
2026-08-21,33.5,27.2,30.2,5.4,81,8.5,21.52,6.3
2026-08-22,33.8,26.5,30.0,7.0,83,10.2,21.11,7.3
2026-08-23,33.2,26.2,29.6,20.7,80,15.2,22.2,7.0
2026-08-24,31.9,26.8,29.0,6.2,81,22.2,19.21,5.1
2026-08-25,32.5,26.4,29.3,2.6,80,16.1,19.1,6.1
2026-08-26,32.1,26.1,29.0,10.1,83,11.4,18.09,6.0
2026-08-27,34.4,27.1,30.7,0.9,75,9.5,23.48,7.3
2026-08-28,32.2,26.8,29.4,5.7,81,10.6,11.53,5.4
2026-08-29,34.5,26.5,30.4,20.7,76,10.9,20.96,8.0
2026-08-30,34.5,27.4,30.1,5.3,75,19.9,21.5,7.1
2026-08-31,32.1,26.3,28.2,23.9,87,19.4,16.21,5.8
2026-09-01,29.7,25.8,27.4,34.0,90,20.1,13.64,3.9
